batch_id,recipe,weighted_target,sensitivity,delta_t,reversibility,first_delta_e,bo_code
0,"{""c_acid"": 20, ""pka_acid"": 13, ""c_dye"": 284, ""pka_dye"": 38, ""c_ec"": 12, ""c_peg"": 14}",0.019267964,12.6004014,0.13,0.666910404,9.747498251,CMS-20230219-113644
0,"{""c_acid"": 60, ""pka_acid"": 29, ""c_dye"": 20, ""pka_dye"": 68, ""c_ec"": 134, ""c_peg"": 144}",6.55E-06,0.191911112,0.967777778,0.090868382,1.009040329,CMS-20230219-113644
0,"{""c_acid"": 138, ""pka_acid"": 39, ""c_dye"": 68, ""pka_dye"": 47, ""c_ec"": 112, ""c_peg"": 56}",0.036405251,10.71089603,0.420833333,0.846357514,0.674143165,CMS-20230219-113644
0,"{""c_acid"": 38, ""pka_acid"": 7, ""c_dye"": 82, ""pka_dye"": 38, ""c_ec"": 42, ""c_peg"": 84}",0.062951194,8.952470886,0.664814815,0.94978833,0.442513927,CMS-20230219-113644
0,"{""c_acid"": 16, ""pka_acid"": 49, ""c_dye"": 38, ""pka_dye"": 47, ""c_ec"": 120, ""c_peg"": 204}",0.000162369,0.662490866,0.741481481,0.416013184,0.781976991,CMS-20230219-113644
0,"{""c_acid"": 134, ""pka_acid"": 49, ""c_dye"": 112, ""pka_dye"": 38, ""c_ec"": 4, ""c_peg"": 94}",0.006225552,7.840230768,0.216203704,0.497015126,3.432121264,CMS-20230219-113644
0,"{""c_acid"": 72, ""pka_acid"": 39, ""c_dye"": 106, ""pka_dye"": 38, ""c_ec"": 114, ""c_peg"": 66}",0.011241458,18.6976288,0.054351852,0.64105261,3.433626601,CMS-20230219-113644
0,"{""c_acid"": 32, ""pka_acid"": 13, ""c_dye"": 22, ""pka_dye"": 38, ""c_ec"": 52, ""c_peg"": 92}",0.021925266,8.150537404,0.41,0.816138674,0.802544382,CMS-20230219-113644
0,"{""c_acid"": 26, ""pka_acid"": 29, ""c_dye"": 38, ""pka_dye"": 60, ""c_ec"": 86, ""c_peg"": 74}",0.008526157,11.73187866,0.165555556,0.662128047,3.262952463,CMS-20230219-113644
0,"{""c_acid"": 214, ""pka_acid"": 29, ""c_dye"": 16, ""pka_dye"": 79, ""c_ec"": 60, ""c_peg"": 60}",0.0001453,0.388823085,0.906049383,0.25959002,0.96113291,CMS-20230219-113644
0,"{""c_acid"": 100, ""pka_acid"": 0, ""c_dye"": 152, ""pka_dye"": 68, ""c_ec"": 100, ""c_peg"": 16}",0.000599828,3.790967415,0.277407407,0.431433889,2.410218019,CMS-20230219-113644
0,"{""c_acid"": 152, ""pka_acid"": 39, ""c_dye"": 44, ""pka_dye"": 60, ""c_ec"": 28, ""c_peg"": 106}",0.002242466,3.794939304,0.405740741,0.627839098,1.031404672,CMS-20230219-113644
0,"{""c_acid"": 78, ""pka_acid"": 13, ""c_dye"": 214, ""pka_dye"": 60, ""c_ec"": 50, ""c_peg"": 56}",0.017630888,5.93422733,0.531018519,0.747630714,1.007290808,CMS-20230219-113644
0,"{""c_acid"": 50, ""pka_acid"": 13, ""c_dye"": 104, ""pka_dye"": 50, ""c_ec"": 20, ""c_peg"": 66}",0.000153158,1.094036509,0.606203704,0.394140059,0.929962062,CMS-20230219-113644
0,"{""c_acid"": 110, ""pka_acid"": 13, ""c_dye"": 68, ""pka_dye"": 47, ""c_ec"": 20, ""c_peg"": 82}",1.26E-05,0.267420728,0.870925926,0.023491665,0.910009774,CMS-20230219-113644
0,"{""c_acid"": 184, ""pka_acid"": 13, ""c_dye"": 30, ""pka_dye"": 65, ""c_ec"": 120, ""c_peg"": 4}",0.013745936,6.613906905,0.182592593,0.778998621,4.334861941,CMS-20230219-113644
0,"{""c_acid"": 142, ""pka_acid"": 7, ""c_dye"": 40, ""pka_dye"": 38, ""c_ec"": 52, ""c_peg"": 52}",0.000410158,1.395767577,0.560925926,0.498929392,0.545419977,CMS-20230219-113644
0,"{""c_acid"": 36, ""pka_acid"": 29, ""c_dye"": 52, ""pka_dye"": 38, ""c_ec"": 116, ""c_peg"": 186}",0.000960432,6.584796421,0.208333333,0.407983939,4.543894967,CMS-20230219-113644
0,"{""c_acid"": 38, ""pka_acid"": 7, ""c_dye"": 58, ""pka_dye"": 79, ""c_ec"": 262, ""c_peg"": 26}",5.45E-06,0.15003926,0.976790123,0.001216698,1.064809807,CMS-20230219-113644
0,"{""c_acid"": 36, ""pka_acid"": 0, ""c_dye"": 110, ""pka_dye"": 47, ""c_ec"": 66, ""c_peg"": 48}",0.087874353,14.32819075,0.600617284,0.838972307,1.218891137,CMS-20230219-113644
0,"{""c_acid"": 74, ""pka_acid"": 49, ""c_dye"": 72, ""pka_dye"": 50, ""c_ec"": 234, ""c_peg"": 8}",0.000941568,1.047734206,0.611666667,0.618002509,0.661110545,CMS-20230219-113644
0,"{""c_acid"": 32, ""pka_acid"": 49, ""c_dye"": 200, ""pka_dye"": 38, ""c_ec"": 35, ""c_peg"": 40}",0.006705448,12.32189035,0.068611111,0.6365649,4.521461845,CMS-20230219-113644
0,"{""c_acid"": 198, ""pka_acid"": 0, ""c_dye"": 64, ""pka_dye"": 60, ""c_ec"": 56, ""c_peg"": 38}",0.000143552,0.897205695,0.816111111,0.318115907,1.279178547,CMS-20230219-113644
0,"{""c_acid"": 56, ""pka_acid"": 29, ""c_dye"": 8, ""pka_dye"": 38, ""c_ec"": 130, ""c_peg"": 92}",0.00220182,12.3282958,0.091203704,0.469652768,4.809842856,CMS-20230219-113644
0,"{""c_acid"": 76, ""pka_acid"": 39, ""c_dye"": 56, ""pka_dye"": 50, ""c_ec"": 22, ""c_peg"": 162}",4.36E-06,0.126313626,0.98691358,-0.036780328,0.745517975,CMS-20230219-113644
0,"{""c_acid"": 66, ""pka_acid"": 13, ""c_dye"": 32, ""pka_dye"": 79, ""c_ec"": 90, ""c_peg"": 46}",1.31E-05,0.295710949,0.972407407,0.220548031,0.881078245,CMS-20230219-113644
0,"{""c_acid"": 68, ""pka_acid"": 29, ""c_dye"": 20, ""pka_dye"": 60, ""c_ec"": 86, ""c_peg"": 158}",0.00049675,1.84603559,0.635277778,0.431729405,1.260774705,CMS-20230219-113644
0,"{""c_acid"": 72, ""pka_acid"": 29, ""c_dye"": 100, ""pka_dye"": 68, ""c_ec"": 96, ""c_peg"": 114}",1.01E-05,0.299208489,0.971851852,-0.134544241,0.864184933,CMS-20230219-113644
0,"{""c_acid"": 144, ""pka_acid"": 29, ""c_dye"": 8, ""pka_dye"": 38, ""c_ec"": 202, ""c_peg"": 28}",0.001894759,10.51731761,0.084938272,0.458578306,5.240067535,CMS-20230219-113644
0,"{""c_acid"": 70, ""pka_acid"": 29, ""c_dye"": 30, ""pka_dye"": 60, ""c_ec"": 226, ""c_peg"": 16}",4.66E-05,1.152370899,0.72617284,0.220081029,1.102289002,CMS-20230219-113644
0,"{""c_acid"": 22, ""pka_acid"": 7, ""c_dye"": 170, ""pka_dye"": 63, ""c_ec"": 102, ""c_peg"": 16}",0.031930683,7.469951436,0.439166667,0.867786329,0.460470107,CMS-20230219-113644
0,"{""c_acid"": 22, ""pka_acid"": 13, ""c_dye"": 40, ""pka_dye"": 79, ""c_ec"": 2, ""c_peg"": 26}",1.24E-05,0.239602749,0.965432099,0.245689942,0.848797943,CMS-20230219-113644
0,"{""c_acid"": 46, ""pka_acid"": 39, ""c_dye"": 122, ""pka_dye"": 68, ""c_ec"": 112, ""c_peg"": 40}",4.95E-05,0.362563361,0.741481481,0.302205203,0.64126204,CMS-20230219-124246
0,"{""c_acid"": 42, ""pka_acid"": 39, ""c_dye"": 212, ""pka_dye"": 83, ""c_ec"": 22, ""c_peg"": 108}",2.18E-06,0.061404835,0.998024691,-0.115545465,0.859762802,CMS-20230219-124246
0,"{""c_acid"": 38, ""pka_acid"": 29, ""c_dye"": 120, ""pka_dye"": 47, ""c_ec"": 182, ""c_peg"": 56}",0.006730505,18.09905487,0.085925926,0.597709295,3.192227817,CMS-20230219-124246
0,"{""c_acid"": 0, ""pka_acid"": 13, ""c_dye"": 200, ""pka_dye"": 65, ""c_ec"": 35, ""c_peg"": 25}",0.0198383,8.766580447,0.268765432,0.776732312,3.281995281,CMS-20230219-124246
0,"{""c_acid"": 22, ""pka_acid"": 0, ""c_dye"": 106, ""pka_dye"": 83, ""c_ec"": 200, ""c_peg"": 40}",1.25E-05,0.184798184,0.986666667,0.184518901,0.997942755,CMS-20230219-124246
0,"{""c_acid"": 34, ""pka_acid"": 13, ""c_dye"": 152, ""pka_dye"": 38, ""c_ec"": 86, ""c_peg"": 106}",0.005520828,17.75062845,0.06,0.580301004,3.651909561,CMS-20230219-124246
0,"{""c_acid"": 10, ""pka_acid"": 49, ""c_dye"": 24, ""pka_dye"": 38, ""c_ec"": 224, ""c_peg"": 76}",0.000878578,8.604340132,0.133950617,0.3561848,6.214147438,CMS-20230219-124246
0,"{""c_acid"": 102, ""pka_acid"": 29, ""c_dye"": 100, ""pka_dye"": 79, ""c_ec"": 168, ""c_peg"": 20}",6.24E-06,0.098055131,0.991851852,0.020747397,0.651117499,CMS-20230219-124246
0,"{""c_acid"": 242, ""pka_acid"": 29, ""c_dye"": 30, ""pka_dye"": 38, ""c_ec"": 12, ""c_peg"": 12}",0.042709881,3.737662478,0.512345679,0.819545578,9.568850919,CMS-20230219-124246
0,"{""c_acid"": 50, ""pka_acid"": 49, ""c_dye"": 94, ""pka_dye"": 50, ""c_ec"": 134, ""c_peg"": 64}",0.00450185,2.720300911,0.471358025,0.71607246,0.976789094,CMS-20230219-124246
0,"{""c_acid"": 96, ""pka_acid"": 49, ""c_dye"": 44, ""pka_dye"": 38, ""c_ec"": 36, ""c_peg"": 216}",0.000945414,4.285584893,0.317283951,0.474285397,2.432825156,CMS-20230219-124246
0,"{""c_acid"": 114, ""pka_acid"": 29, ""c_dye"": 254, ""pka_dye"": 38, ""c_ec"": 18, ""c_peg"": 6}",0.115860337,6.11534762,0.357777778,0.89062886,12.61637057,CMS-20230219-124246
0,"{""c_acid"": 22, ""pka_acid"": 0, ""c_dye"": 166, ""pka_dye"": 65, ""c_ec"": 32, ""c_peg"": 176}",1.38E-05,0.400776502,0.892839506,-0.447061848,1.256061886,CMS-20230219-124246
0,"{""c_acid"": 234, ""pka_acid"": 39, ""c_dye"": 8, ""pka_dye"": 79, ""c_ec"": 112, ""c_peg"": 10}",8.52E-06,0.126972233,0.984938272,0.136260416,0.647484833,CMS-20230219-124246
0,"{""c_acid"": 26, ""pka_acid"": 7, ""c_dye"": 130, ""pka_dye"": 60, ""c_ec"": 200, ""c_peg"": 6}",0.135468552,16.68522661,0.068148148,0.85741503,12.73151831,CMS-20230219-124246
0,"{""c_acid"": 38, ""pka_acid"": 39, ""c_dye"": 24, ""pka_dye"": 38, ""c_ec"": 62, ""c_peg"": 218}",0.000669087,4.454272328,0.292469136,0.402209051,3.32255578,CMS-20230219-124246
0,"{""c_acid"": 28, ""pka_acid"": 39, ""c_dye"": 352, ""pka_dye"": 38, ""c_ec"": 2, ""c_peg"": 12}",0.014639789,6.418655749,0.210740741,0.763394022,5.322852127,CMS-20230219-124246
0,"{""c_acid"": 232, ""pka_acid"": 29, ""c_dye"": 26, ""pka_dye"": 50, ""c_ec"": 116, ""c_peg"": 20}",0.006696447,2.015685705,0.604197531,0.79976997,0.807663813,CMS-20230219-124246
0,"{""c_acid"": 54, ""pka_acid"": 0, ""c_dye"": 80, ""pka_dye"": 68, ""c_ec"": 60, ""c_peg"": 132}",1.08E-05,0.316215777,0.94962963,0.012091802,0.914874217,CMS-20230219-124246
0,"{""c_acid"": 126, ""pka_acid"": 7, ""c_dye"": 10, ""pka_dye"": 38, ""c_ec"": 38, ""c_peg"": 174}",1.05E-05,0.308108778,0.978024691,0.075318424,0.729741284,CMS-20230219-124246
0,"{""c_acid"": 92, ""pka_acid"": 29, ""c_dye"": 78, ""pka_dye"": 38, ""c_ec"": 42, ""c_peg"": 30}",0.017761028,7.539882239,0.255308642,0.745151233,5.024366451,CMS-20230219-124246
0,"{""c_acid"": 20, ""pka_acid"": 13, ""c_dye"": 76, ""pka_dye"": 50, ""c_ec"": 126, ""c_peg"": 168}",2.87E-06,0.081090616,0.989876543,0.122411303,0.925535104,CMS-20230219-124246
0,"{""c_acid"": 178, ""pka_acid"": 29, ""c_dye"": 62, ""pka_dye"": 60, ""c_ec"": 42, ""c_peg"": 110}",0.002919831,2.251529237,0.567037037,0.698258926,0.75519866,CMS-20230219-124246
0,"{""c_acid"": 254, ""pka_acid"": 39, ""c_dye"": 88, ""pka_dye"": 68, ""c_ec"": 40, ""c_peg"": 18}",0.000340257,0.514867979,0.780493827,0.583643191,0.491485783,CMS-20230219-124246
0,"{""c_acid"": 36, ""pka_acid"": 29, ""c_dye"": 154, ""pka_dye"": 38, ""c_ec"": 76, ""c_peg"": 4}",0.160318979,6.916601942,0.29691358,0.884145003,15.5154998,CMS-20230219-124246
0,"{""c_acid"": 184, ""pka_acid"": 13, ""c_dye"": 30, ""pka_dye"": 38, ""c_ec"": 38, ""c_peg"": 126}",1.05E-05,0.107450242,0.987407407,-0.006402901,0.852034544,CMS-20230219-124246
0,"{""c_acid"": 24, ""pka_acid"": 39, ""c_dye"": 72, ""pka_dye"": 50, ""c_ec"": 18, ""c_peg"": 90}",0.00187487,2.151701858,0.549876543,0.637249353,1.023528616,CMS-20230219-124246
0,"{""c_acid"": 254, ""pka_acid"": 0, ""c_dye"": 8, ""pka_dye"": 83, ""c_ec"": 6, ""c_peg"": 88}",1.20E-05,0.15026158,0.981481481,0.209125169,1.173710861,CMS-20230219-124246
0,"{""c_acid"": 2, ""pka_acid"": 7, ""c_dye"": 10, ""pka_dye"": 50, ""c_ec"": 40, ""c_peg"": 302}",1.79E-05,0.165840051,0.976296296,0.298666271,0.820992186,CMS-20230219-124246
0,"{""c_acid"": 216, ""pka_acid"": 0, ""c_dye"": 22, ""pka_dye"": 60, ""c_ec"": 152, ""c_peg"": 0}",0.000161274,2.410632381,0.49654321,0.295833063,1.467997728,CMS-20230219-124246
0,"{""c_acid"": 80, ""pka_acid"": 29, ""c_dye"": 206, ""pka_dye"": 60, ""c_ec"": 58, ""c_peg"": 26}",0.018066511,4.551207088,0.338765432,0.805878023,4.406912098,CMS-20230219-124246
0,"{""c_acid"": 104, ""pka_acid"": 13, ""c_dye"": 60, ""pka_dye"": 79, ""c_ec"": 46, ""c_peg"": 116}",6.16E-05,1.647325737,0.696049383,0.107055255,2.316562932,CMS-20230219-124246
0,"{""c_acid"": 64, ""pka_acid"": 29, ""c_dye"": 34, ""pka_dye"": 50, ""c_ec"": 186, ""c_peg"": 72}",3.73E-05,0.204908928,0.952222222,0.348373329,0.811092674,CMS-20230220-154714
0,"{""c_acid"": 204, ""pka_acid"": 49, ""c_dye"": 22, ""pka_dye"": 79, ""c_ec"": 30, ""c_peg"": 106}",1.36E-05,0.16435553,0.97962963,0.173418649,0.741409046,CMS-20230220-154714
0,"{""c_acid"": 24, ""pka_acid"": 13, ""c_dye"": 26, ""pka_dye"": 38, ""c_ec"": 14, ""c_peg"": 134}",0.022230961,20.86395802,0.202839506,0.704841909,2.967615469,CMS-20230220-154714
0,"{""c_acid"": 14, ""pka_acid"": 13, ""c_dye"": 216, ""pka_dye"": 38, ""c_ec"": 24, ""c_peg"": 58}",0.01661106,13.85402693,0.150246914,0.589867785,9.988788292,CMS-20230220-154714
0,"{""c_acid"": 120, ""pka_acid"": 29, ""c_dye"": 10, ""pka_dye"": 47, ""c_ec"": 92, ""c_peg"": 112}",0.002595845,2.58336617,0.621234568,0.600845431,0.946475645,CMS-20230220-154714
0,"{""c_acid"": 32, ""pka_acid"": 13, ""c_dye"": 20, ""pka_dye"": 83, ""c_ec"": 34, ""c_peg"": 138}",1.26E-05,0.134061533,0.993333333,0.152434934,1.179827142,CMS-20230220-154714
0,"{""c_acid"": 274, ""pka_acid"": 29, ""c_dye"": 22, ""pka_dye"": 50, ""c_ec"": 6, ""c_peg"": 72}",4.42E-05,0.562389231,0.91382716,0.24169826,0.966354618,CMS-20230220-154714
0,"{""c_acid"": 126, ""pka_acid"": 29, ""c_dye"": 24, ""pka_dye"": 65, ""c_ec"": 30, ""c_peg"": 82}",0.003281213,7.076871588,0.269876543,0.603061502,1.92458791,CMS-20230220-154714
0,"{""c_acid"": 198, ""pka_acid"": 49, ""c_dye"": 22, ""pka_dye"": 68, ""c_ec"": 124, ""c_peg"": 20}",8.09E-05,0.302673681,0.848888889,0.470039589,0.495432727,CMS-20230220-154714
0,"{""c_acid"": 142, ""pka_acid"": 49, ""c_dye"": 72, ""pka_dye"": 38, ""c_ec"": 6, ""c_peg"": 108}",0.001236636,3.833580228,0.36308642,0.491219084,3.261183108,CMS-20230220-154714
0,"{""c_acid"": 98, ""pka_acid"": 29, ""c_dye"": 6, ""pka_dye"": 38, ""c_ec"": 240, ""c_peg"": 54}",0.001457788,5.710268644,0.341481481,0.47896869,1.942918695,CMS-20230220-154714
0,"{""c_acid"": 196, ""pka_acid"": 29, ""c_dye"": 100, ""pka_dye"": 79, ""c_ec"": 18, ""c_peg"": 36}",0.000101313,0.533543226,0.864567901,0.442389071,0.766542782,CMS-20230220-154714
0,"{""c_acid"": 16, ""pka_acid"": 0, ""c_dye"": 8, ""pka_dye"": 68, ""c_ec"": 162, ""c_peg"": 78}",2.36E-05,0.15582868,0.986666667,0.197484363,1.09065456,CMS-20230220-154714
0,"{""c_acid"": 84, ""pka_acid"": 49, ""c_dye"": 120, ""pka_dye"": 68, ""c_ec"": 52, ""c_peg"": 98}",0.000317232,0.485182467,0.807037037,0.246187088,0.646117834,CMS-20230220-154714
0,"{""c_acid"": 172, ""pka_acid"": 0, ""c_dye"": 76, ""pka_dye"": 47, ""c_ec"": 46, ""c_peg"": 6}",9.82E-05,2.227166371,0.558148148,0.196044179,3.274106495,CMS-20230220-154714
0,"{""c_acid"": 42, ""pka_acid"": 13, ""c_dye"": 22, ""pka_dye"": 38, ""c_ec"": 292, ""c_peg"": 14}",0.000153236,0.587582227,0.72962963,0.431663613,0.738643084,CMS-20230220-154714
0,"{""c_acid"": 104, ""pka_acid"": 29, ""c_dye"": 30, ""pka_dye"": 38, ""c_ec"": 10, ""c_peg"": 240}",0.000406507,2.92989718,0.424814815,0.393746978,2.203609735,CMS-20230220-154714
0,"{""c_acid"": 6, ""pka_acid"": 49, ""c_dye"": 92, ""pka_dye"": 38, ""c_ec"": 62, ""c_peg"": 72}",0.027450863,6.104977467,0.325802469,0.816515317,5.673082378,CMS-20230220-154714
0,"{""c_acid"": 8, ""pka_acid"": 49, ""c_dye"": 118, ""pka_dye"": 79, ""c_ec"": 14, ""c_peg"": 78}",5.74E-06,0.168727533,0.99654321,-0.032152494,0.61458279,CMS-20230220-154714
0,"{""c_acid"": 50, ""pka_acid"": 49, ""c_dye"": 6, ""pka_dye"": 60, ""c_ec"": 28, ""c_peg"": 140}",0.001227466,4.863339302,0.341481481,0.492546711,3.179254611,CMS-20230220-154714
0,"{""c_acid"": 76, ""pka_acid"": 13, ""c_dye"": 118, ""pka_dye"": 60, ""c_ec"": 128, ""c_peg"": 4}",0.158797246,6.630920624,0.153333333,0.865397174,21.77619436,CMS-20230220-154714
0,"{""c_acid"": 10, ""pka_acid"": 29, ""c_dye"": 34, ""pka_dye"": 50, ""c_ec"": 158, ""c_peg"": 54}",0.014604304,5.63070317,0.395185185,0.813112273,0.810125356,CMS-20230220-154714
0,"{""c_acid"": 146, ""pka_acid"": 39, ""c_dye"": 30, ""pka_dye"": 60, ""c_ec"": 130, ""c_peg"": 82}",0.001051886,3.458577986,0.398148148,0.512068461,1.118532562,CMS-20230220-154714
0,"{""c_acid"": 36, ""pka_acid"": 39, ""c_dye"": 18, ""pka_dye"": 83, ""c_ec"": 80, ""c_peg"": 74}",3.66E-05,0.25512104,0.905555556,0.1095929,0.823172917,CMS-20230220-154714
0,"{""c_acid"": 112, ""pka_acid"": 39, ""c_dye"": 38, ""pka_dye"": 47, ""c_ec"": 20, ""c_peg"": 188}",0.002357801,11.01579673,0.168024691,0.451248115,5.569893843,CMS-20230220-154714
0,"{""c_acid"": 104, ""pka_acid"": 13, ""c_dye"": 80, ""pka_dye"": 79, ""c_ec"": 122, ""c_peg"": 32}",2.33E-05,0.585903312,0.822222222,0.088514728,1.147916273,CMS-20230220-154714
0,"{""c_acid"": 94, ""pka_acid"": 39, ""c_dye"": 64, ""pka_dye"": 38, ""c_ec"": 20, ""c_peg"": 84}",0.003111324,9.300656953,0.087777778,0.562925979,4.480189846,CMS-20230220-154714
0,"{""c_acid"": 2, ""pka_acid"": 29, ""c_dye"": 26, ""pka_dye"": 83, ""c_ec"": 4, ""c_peg"": 282}",2.05E-05,0.165084261,0.971234568,0.189869611,0.73992525,CMS-20230220-154714
0,"{""c_acid"": 26, ""pka_acid"": 49, ""c_dye"": 76, ""pka_dye"": 68, ""c_ec"": 148, ""c_peg"": 86}",9.64E-05,0.492643803,0.812469136,0.41333476,0.897575115,CMS-20230220-154714
0,"{""c_acid"": 60, ""pka_acid"": 39, ""c_dye"": 170, ""pka_dye"": 68, ""c_ec"": 80, ""c_peg"": 20}",0.0013112,1.262894055,0.752222222,0.660622263,0.548883603,CMS-20230220-154714
0,"{""c_acid"": 92, ""pka_acid"": 29, ""c_dye"": 162, ""pka_dye"": 83, ""c_ec"": 70, ""c_peg"": 4}",2.05E-05,0.165241956,0.96617284,0.349978626,0.67422173,CMS-20230220-154714
0,"{""c_acid"": 0, ""pka_acid"": 13, ""c_dye"": 200, ""pka_dye"": 68, ""c_ec"": 35, ""c_peg"": 25}",0.00696487,2.259520911,0.817777778,0.795792157,0.770321134,CMS-20230220-154714
1,"{""c_acid"": 150, ""pka_acid"": 49, ""c_dye"": 104, ""pka_dye"": 68, ""c_ec"": 40, ""c_peg"": 108}",6.23E-05,0.248342697,0.920092593,0.109540509,0.825973031,CMS-20230220-024142
1,"{""c_acid"": 32, ""pka_acid"": 49, ""c_dye"": 200, ""pka_dye"": 38, ""c_ec"": 35, ""c_peg"": 40}",0.010872869,7.268257078,0.207037037,0.709561334,5.322468539,CMS-20230220-024142
1,"{""c_acid"": 0, ""pka_acid"": 29, ""c_dye"": 178, ""pka_dye"": 68, ""c_ec"": 222, ""c_peg"": 0}",0.004756501,3.233253011,0.704166667,0.567759012,1.364073837,CMS-20230220-024142
1,"{""c_acid"": 12, ""pka_acid"": 7, ""c_dye"": 144, ""pka_dye"": 68, ""c_ec"": 182, ""c_peg"": 62}",1.07E-05,0.249101835,0.855740741,-0.01167929,0.60411141,CMS-20230220-024142
1,"{""c_acid"": 214, ""pka_acid"": 49, ""c_dye"": 40, ""pka_dye"": 38, ""c_ec"": 144, ""c_peg"": 0}",0.031216446,15.15683885,0.324814815,0.796436158,1.233703879,CMS-20230220-024142
1,"{""c_acid"": 0, ""pka_acid"": 49, ""c_dye"": 256, ""pka_dye"": 68, ""c_ec"": 144, ""c_peg"": 0}",0.00040114,0.529225147,0.753333333,0.561508767,0.650357813,CMS-20230220-024142
1,"{""c_acid"": 232, ""pka_acid"": 29, ""c_dye"": 168, ""pka_dye"": 60, ""c_ec"": 0, ""c_peg"": 0}",0.047826696,8.013531475,0.249074074,0.881503091,4.911328727,CMS-20230220-024142
1,"{""c_acid"": 18, ""pka_acid"": 39, ""c_dye"": 190, ""pka_dye"": 68, ""c_ec"": 66, ""c_peg"": 34}",0.002550774,1.475757658,0.729444444,0.699028175,0.488501309,CMS-20230220-024142
1,"{""c_acid"": 58, ""pka_acid"": 39, ""c_dye"": 186, ""pka_dye"": 68, ""c_ec"": 12, ""c_peg"": 32}",0.001316745,1.249240232,0.689444444,0.653052165,0.608356837,CMS-20230220-024142
1,"{""c_acid"": 48, ""pka_acid"": 39, ""c_dye"": 186, ""pka_dye"": 68, ""c_ec"": 28, ""c_peg"": 32}",0.001220181,1.224720774,0.708148148,0.654024969,0.479410434,CMS-20230220-024142
1,"{""c_acid"": 186, ""pka_acid"": 29, ""c_dye"": 120, ""pka_dye"": 63, ""c_ec"": 22, ""c_peg"": 72}",0.018085399,5.930281921,0.439814815,0.829200453,0.522842961,CMS-20230220-024142
1,"{""c_acid"": 240, ""pka_acid"": 49, ""c_dye"": 160, ""pka_dye"": 68, ""c_ec"": 0, ""c_peg"": 0}",0.002462691,1.721907976,0.690925926,0.703750228,0.563476568,CMS-20230220-024142
1,"{""c_acid"": 26, ""pka_acid"": 0, ""c_dye"": 78, ""pka_dye"": 63, ""c_ec"": 0, ""c_peg"": 54}",0.004322374,6.015478522,0.259166667,0.483590928,2.133237206,CMS-20230220-024142
1,"{""c_acid"": 0, ""pka_acid"": 13, ""c_dye"": 200, ""pka_dye"": 68, ""c_ec"": 35, ""c_peg"": 25}",0.002729684,1.607356769,0.662486772,0.692112044,0.640252077,CMS-20230220-024142
1,"{""c_acid"": 62, ""pka_acid"": 39, ""c_dye"": 148, ""pka_dye"": 38, ""c_ec"": 144, ""c_peg"": 44}",0.004112759,9.246155513,0.098148148,0.609725902,3.621428992,CMS-20230220-024142
1,"{""c_acid"": 208, ""pka_acid"": 0, ""c_dye"": 70, ""pka_dye"": 38, ""c_ec"": 0, ""c_peg"": 124}",3.76E-05,1.086738099,0.813981481,0.057752119,1.485014809,CMS-20230220-024142
1,"{""c_acid"": 106, ""pka_acid"": 0, ""c_dye"": 150, ""pka_dye"": 38, ""c_ec"": 144, ""c_peg"": 0}",0.006703559,4.418614538,0.590462963,0.23972913,1.97634781,CMS-20230220-024142
1,"{""c_acid"": 202, ""pka_acid"": 49, ""c_dye"": 116, ""pka_dye"": 65, ""c_ec"": 84, ""c_peg"": 0}",0.011299408,5.045400028,0.380648148,0.77516727,0.704014796,CMS-20230220-024142
1,"{""c_acid"": 4, ""pka_acid"": 29, ""c_dye"": 54, ""pka_dye"": 79, ""c_ec"": 176, ""c_peg"": 166}",0.000258256,0.469029283,0.794259259,0.381079809,0.773920805,CMS-20230220-024142
1,"{""c_acid"": 10, ""pka_acid"": 39, ""c_dye"": 196, ""pka_dye"": 68, ""c_ec"": 112, ""c_peg"": 36}",0.001626547,1.67673415,0.715185185,0.638480231,0.600779866,CMS-20230220-024142
1,"{""c_acid"": 20, ""pka_acid"": 13, ""c_dye"": 254, ""pka_dye"": 50, ""c_ec"": 60, ""c_peg"": 4}",0.003689819,1.766891148,0.565,0.753874917,1.250352849,CMS-20230220-024142
1,"{""c_acid"": 152, ""pka_acid"": 39, ""c_dye"": 204, ""pka_dye"": 50, ""c_ec"": 44, ""c_peg"": 0}",0.004959106,5.103215472,0.332037037,0.685873432,1.103182249,CMS-20230220-024142
1,"{""c_acid"": 40, ""pka_acid"": 39, ""c_dye"": 216, ""pka_dye"": 68, ""c_ec"": 102, ""c_peg"": 38}",0.002603712,1.434168481,0.696759259,0.701148322,0.37650857,CMS-20230220-024142
1,"{""c_acid"": 224, ""pka_acid"": 13, ""c_dye"": 22, ""pka_dye"": 63, ""c_ec"": 0, ""c_peg"": 30}",0.000189487,0.619897392,0.756203704,0.449010031,0.568206029,CMS-20230220-024142
1,"{""c_acid"": 94, ""pka_acid"": 7, ""c_dye"": 172, ""pka_dye"": 38, ""c_ec"": 98, ""c_peg"": 34}",0.114604063,25.07786552,0.291388889,0.933245654,0.853401775,CMS-20230220-024142
1,"{""c_acid"": 0, ""pka_acid"": 13, ""c_dye"": 228, ""pka_dye"": 38, ""c_ec"": 62, ""c_peg"": 110}",0.003108072,9.635685421,0.114259259,0.470796033,4.87286949,CMS-20230220-024142
1,"{""c_acid"": 0, ""pka_acid"": 29, ""c_dye"": 12, ""pka_dye"": 63, ""c_ec"": 128, ""c_peg"": 108}",0.005443585,3.078506077,0.643333333,0.646603892,0.798390673,CMS-20230220-024142
1,"{""c_acid"": 138, ""pka_acid"": 39, ""c_dye"": 154, ""pka_dye"": 79, ""c_ec"": 50, ""c_peg"": 60}",3.57E-06,0.104414166,0.995462963,-0.697238863,0.521389012,CMS-20230220-024142
1,"{""c_acid"": 44, ""pka_acid"": 0, ""c_dye"": 212, ""pka_dye"": 68, ""c_ec"": 50, ""c_peg"": 94}",2.32E-05,0.666503358,0.824444444,0.173134821,0.605688992,CMS-20230220-024142
1,"{""c_acid"": 10, ""pka_acid"": 49, ""c_dye"": 212, ""pka_dye"": 68, ""c_ec"": 0, ""c_peg"": 36}",0.002240118,1.578218683,0.714722222,0.701074609,0.557232628,CMS-20230220-024142
1,"{""c_acid"": 170, ""pka_acid"": 39, ""c_dye"": 198, ""pka_dye"": 68, ""c_ec"": 0, ""c_peg"": 30}",0.000278896,0.513915384,0.715833333,0.388774635,0.612035381,CMS-20230220-024142
1,"{""c_acid"": 196, ""pka_acid"": 49, ""c_dye"": 114, ""pka_dye"": 68, ""c_ec"": 0, ""c_peg"": 90}",3.24E-05,0.222990012,0.824259259,0.098716335,0.633480469,CMS-20230220-024142
1,"{""c_acid"": 98, ""pka_acid"": 29, ""c_dye"": 136, ""pka_dye"": 68, ""c_ec"": 0, ""c_peg"": 166}",5.05E-06,0.144866515,0.994814815,0.069357726,0.731700159,CMS-20230219-124246
1,"{""c_acid"": 80, ""pka_acid"": 0, ""c_dye"": 118, ""pka_dye"": 68, ""c_ec"": 202, ""c_peg"": 0}",0.000125745,2.163078155,0.567283951,0.194749803,1.222903006,CMS-20230219-124246
1,"{""c_acid"": 22, ""pka_acid"": 29, ""c_dye"": 90, ""pka_dye"": 68, ""c_ec"": 0, ""c_peg"": 286}",3.54E-06,0.070704121,0.987901235,-0.109264249,0.701198475,CMS-20230219-124246
1,"{""c_acid"": 186, ""pka_acid"": 39, ""c_dye"": 12, ""pka_dye"": 47, ""c_ec"": 92, ""c_peg"": 10}",0.029457247,12.81165314,0.335432099,0.811809719,1.128906149,CMS-20230219-124246
1,"{""c_acid"": 0, ""pka_acid"": 39, ""c_dye"": 2, ""pka_dye"": 79, ""c_ec"": 204, ""c_peg"": 194}",3.64E-05,0.17770552,0.965925926,0.162922237,0.924025478,CMS-20230219-124246
1,"{""c_acid"": 0, ""pka_acid"": 13, ""c_dye"": 206, ""pka_dye"": 68, ""c_ec"": 194, ""c_peg"": 0}",0.000179802,0.284320583,0.86345679,0.44147818,0.548401626,CMS-20230219-124246
1,"{""c_acid"": 68, ""pka_acid"": 29, ""c_dye"": 2, ""pka_dye"": 83, ""c_ec"": 322, ""c_peg"": 6}",5.29E-06,0.128846385,0.98345679,0.091340884,1.105281774,CMS-20230219-124246
1,"{""c_acid"": 186, ""pka_acid"": 7, ""c_dye"": 134, ""pka_dye"": 60, ""c_ec"": 70, ""c_peg"": 10}",0.111469345,18.34670984,0.188518519,0.972675638,3.349759111,CMS-20230219-124246
1,"{""c_acid"": 94, ""pka_acid"": 0, ""c_dye"": 2, ""pka_dye"": 38, ""c_ec"": 134, ""c_peg"": 170}",0.001436966,0.608742081,0.821728395,0.645479682,0.69378717,CMS-20230219-124246
1,"{""c_acid"": 4, ""pka_acid"": 49, ""c_dye"": 170, ""pka_dye"": 47, ""c_ec"": 228, ""c_peg"": 0}",0.125598047,11.69443111,0.385555556,0.968556161,4.821849306,CMS-20230219-124246
1,"{""c_acid"": 0, ""pka_acid"": 49, ""c_dye"": 140, ""pka_dye"": 38, ""c_ec"": 100, ""c_peg"": 160}",0.000754519,6.492223212,0.182839506,0.146107638,13.88862419,CMS-20230219-124246
1,"{""c_acid"": 0, ""pka_acid"": 39, ""c_dye"": 118, ""pka_dye"": 50, ""c_ec"": 282, ""c_peg"": 0}",0.006917458,1.695942916,0.543950617,0.720501491,3.204917133,CMS-20230219-124246
1,"{""c_acid"": 94, ""pka_acid"": 29, ""c_dye"": 2, ""pka_dye"": 63, ""c_ec"": 0, ""c_peg"": 304}",5.42E-05,0.281875791,0.956419753,0.189925611,1.282256524,CMS-20230219-124246
1,"{""c_acid"": 0, ""pka_acid"": 39, ""c_dye"": 20, ""pka_dye"": 63, ""c_ec"": 102, ""c_peg"": 276}",0.000117571,0.312384953,0.898765432,0.502747044,0.605548115,CMS-20230219-124246
1,"{""c_acid"": 20, ""pka_acid"": 13, ""c_dye"": 18, ""pka_dye"": 68, ""c_ec"": 44, ""c_peg"": 308}",0.000132567,0.267242746,0.936666667,0.489187376,0.526671477,CMS-20230219-124246
1,"{""c_acid"": 0, ""pka_acid"": 29, ""c_dye"": 234, ""pka_dye"": 68, ""c_ec"": 62, ""c_peg"": 102}",0.006650314,1.883130102,0.618395062,0.660332281,0.4191253,CMS-20230219-124246
1,"{""c_acid"": 114, ""pka_acid"": 29, ""c_dye"": 82, ""pka_dye"": 63, ""c_ec"": 26, ""c_peg"": 106}",0.000339761,0.797068934,0.692962963,0.4992721,0.627844043,CMS-20230219-124246
1,"{""c_acid"": 0, ""pka_acid"": 49, ""c_dye"": 214, ""pka_dye"": 68, ""c_ec"": 0, ""c_peg"": 108}",0.014025707,3.077018693,0.521234568,0.85441189,0.476820786,CMS-20230219-124246
1,"{""c_acid"": 0, ""pka_acid"": 13, ""c_dye"": 200, ""pka_dye"": 65, ""c_ec"": 35, ""c_peg"": 25}",0.042110979,8.524413859,0.25691358,0.819739398,6.88444269,CMS-20230219-124246
1,"{""c_acid"": 144, ""pka_acid"": 49, ""c_dye"": 52, ""pka_dye"": 47, ""c_ec"": 12, ""c_peg"": 190}",0.001055899,8.737080729,0.138271605,0.354122163,8.176603183,CMS-20230219-124246
1,"{""c_acid"": 0, ""pka_acid"": 7, ""c_dye"": 170, ""pka_dye"": 68, ""c_ec"": 0, ""c_peg"": 230}",0.000951982,1.074746338,0.742469136,0.586694683,1.274477859,CMS-20230219-124246
1,"{""c_acid"": 72, ""pka_acid"": 29, ""c_dye"": 92, ""pka_dye"": 68, ""c_ec"": 98, ""c_peg"": 138}",4.80E-06,0.12564762,0.987654321,-0.333474772,1.343744952,CMS-20230219-124246
1,"{""c_acid"": 100, ""pka_acid"": 0, ""c_dye"": 192, ""pka_dye"": 83, ""c_ec"": 110, ""c_peg"": 0}",0.000156185,1.265916415,0.491234568,0.383863956,0.693649995,CMS-20230219-124246
1,"{""c_acid"": 156, ""pka_acid"": 0, ""c_dye"": 52, ""pka_dye"": 50, ""c_ec"": 96, ""c_peg"": 96}",3.84E-06,0.069105159,0.990246914,0.013053024,0.753004325,CMS-20230219-124246
1,"{""c_acid"": 136, ""pka_acid"": 39, ""c_dye"": 156, ""pka_dye"": 68, ""c_ec"": 0, ""c_peg"": 108}",1.11E-06,0.031854146,0.996419753,-0.453661796,0.551483207,CMS-20230219-124246
1,"{""c_acid"": 168, ""pka_acid"": 39, ""c_dye"": 98, ""pka_dye"": 47, ""c_ec"": 66, ""c_peg"": 70}",0.029649315,20.84093471,0.198271605,0.755319725,1.688865094,CMS-20230219-124246
1,"{""c_acid"": 0, ""pka_acid"": 39, ""c_dye"": 206, ""pka_dye"": 68, ""c_ec"": 56, ""c_peg"": 138}",0.00700394,1.702865085,0.685925926,0.633483395,0.603985243,CMS-20230219-124246
1,"{""c_acid"": 40, ""pka_acid"": 0, ""c_dye"": 2, ""pka_dye"": 68, ""c_ec"": 64, ""c_peg"": 294}",6.85E-05,0.239505939,0.968024691,0.466303798,0.659156277,CMS-20230219-124246
1,"{""c_acid"": 124, ""pka_acid"": 29, ""c_dye"": 72, ""pka_dye"": 38, ""c_ec"": 140, ""c_peg"": 66}",0.005623096,17.85172632,0.052592593,0.50816727,7.716447367,CMS-20230219-124246
1,"{""c_acid"": 148, ""pka_acid"": 29, ""c_dye"": 130, ""pka_dye"": 47, ""c_ec"": 122, ""c_peg"": 0}",0.075345255,11.95090683,0.265925926,0.927497303,3.674268671,CMS-20230219-124246
1,"{""c_acid"": 190, ""pka_acid"": 7, ""c_dye"": 184, ""pka_dye"": 50, ""c_ec"": 4, ""c_peg"": 22}",0.007160527,6.138049731,0.35654321,0.706895015,0.946643543,CMS-20230219-124246
1,"{""c_acid"": 216, ""pka_acid"": 0, ""c_dye"": 184, ""pka_dye"": 38, ""c_ec"": 0, ""c_peg"": 0}",0.007353948,7.189398857,0.392962963,0.43245162,4.254256702,CMS-20230220-154714
1,"{""c_acid"": 26, ""pka_acid"": 29, ""c_dye"": 280, ""pka_dye"": 68, ""c_ec"": 94, ""c_peg"": 0}",0.000436748,0.983381248,0.559876543,0.505692821,1.001117022,CMS-20230220-154714
1,"{""c_acid"": 92, ""pka_acid"": 29, ""c_dye"": 162, ""pka_dye"": 83, ""c_ec"": 70, ""c_peg"": 4}",0.000173922,0.3551543,0.855555556,0.475708399,0.798238718,CMS-20230220-154714
1,"{""c_acid"": 46, ""pka_acid"": 29, ""c_dye"": 186, ""pka_dye"": 38, ""c_ec"": 8, ""c_peg"": 30}",0.067094836,6.106792782,0.406419753,0.877774633,8.555800518,CMS-20230220-154714
1,"{""c_acid"": 0, ""pka_acid"": 13, ""c_dye"": 114, ""pka_dye"": 60, ""c_ec"": 0, ""c_peg"": 138}",0.000629265,3.304648812,0.264691358,0.451006429,3.638444201,CMS-20230220-154714
1,"{""c_acid"": 62, ""pka_acid"": 13, ""c_dye"": 304, ""pka_dye"": 68, ""c_ec"": 34, ""c_peg"": 0}",0.000223925,0.978547188,0.508518519,0.462644039,0.798104744,CMS-20230220-154714
1,"{""c_acid"": 94, ""pka_acid"": 29, ""c_dye"": 296, ""pka_dye"": 50, ""c_ec"": 0, ""c_peg"": 12}",0.040690011,4.53232063,0.505308642,0.962065931,2.246696867,CMS-20230220-154714
1,"{""c_acid"": 86, ""pka_acid"": 39, ""c_dye"": 214, ""pka_dye"": 68, ""c_ec"": 102, ""c_peg"": 0}",0.000349089,0.386290331,0.82654321,0.605937976,0.623583212,CMS-20230220-154714
1,"{""c_acid"": 62, ""pka_acid"": 13, ""c_dye"": 104, ""pka_dye"": 60, ""c_ec"": 190, ""c_peg"": 44}",6.58E-06,0.192615625,0.885555556,-0.625858592,1.012177519,CMS-20230220-154714
1,"{""c_acid"": 0, ""pka_acid"": 0, ""c_dye"": 196, ""pka_dye"": 83, ""c_ec"": 204, ""c_peg"": 0}",0.000251344,0.291148305,0.924938272,0.613996208,0.763770503,CMS-20230220-154714
1,"{""c_acid"": 54, ""pka_acid"": 0, ""c_dye"": 276, ""pka_dye"": 47, ""c_ec"": 0, ""c_peg"": 70}",0.220502184,38.26426412,0.350617284,0.98038742,0.49629487,CMS-20230220-154714
1,"{""c_acid"": 136, ""pka_acid"": 13, ""c_dye"": 114, ""pka_dye"": 60, ""c_ec"": 60, ""c_peg"": 88}",5.63E-06,0.166077431,0.972345679,-0.404888366,0.851120536,CMS-20230220-154714
1,"{""c_acid"": 0, ""pka_acid"": 13, ""c_dye"": 116, ""pka_dye"": 60, ""c_ec"": 118, ""c_peg"": 98}",0.00189024,12.24400422,0.058271605,0.409438304,7.77754905,CMS-20230220-154714
1,"{""c_acid"": 26, ""pka_acid"": 29, ""c_dye"": 180, ""pka_dye"": 38, ""c_ec"": 58, ""c_peg"": 68}",0.00906034,18.73481265,0.050123457,0.564463335,8.228960824,CMS-20230220-154714
1,"{""c_acid"": 10, ""pka_acid"": 13, ""c_dye"": 108, ""pka_dye"": 60, ""c_ec"": 112, ""c_peg"": 0}",0.085996165,7.840894448,0.175679012,0.944843489,8.783195157,CMS-20230220-154714
1,"{""c_acid"": 82, ""pka_acid"": 29, ""c_dye"": 190, ""pka_dye"": 38, ""c_ec"": 0, ""c_peg"": 8}",0.188569938,7.32208208,0.414320988,0.837472285,22.20122857,CMS-20230220-154714
1,"{""c_acid"": 4, ""pka_acid"": 13, ""c_dye"": 104, ""pka_dye"": 60, ""c_ec"": 46, ""c_peg"": 100}",0.002434884,10.53159292,0.081975309,0.421535814,9.778341967,CMS-20230220-154714
1,"{""c_acid"": 86, ""pka_acid"": 0, ""c_dye"": 164, ""pka_dye"": 38, ""c_ec"": 150, ""c_peg"": 0}",0.028108076,12.15143385,0.368518519,0.805343424,0.809054456,CMS-20230220-154714
1,"{""c_acid"": 262, ""pka_acid"": 0, ""c_dye"": 138, ""pka_dye"": 38, ""c_ec"": 0, ""c_peg"": 0}",8.63E-05,3.003324855,0.36382716,0.104131654,3.098887392,CMS-20230220-154714
1,"{""c_acid"": 72, ""pka_acid"": 7, ""c_dye"": 2, ""pka_dye"": 60, ""c_ec"": 84, ""c_peg"": 218}",0.000123848,0.273371109,0.92654321,0.530040982,0.962482826,CMS-20230220-154714
1,"{""c_acid"": 138, ""pka_acid"": 29, ""c_dye"": 188, ""pka_dye"": 38, ""c_ec"": 74, ""c_peg"": 0}",0.236674904,12.01289888,0.099876543,0.851025952,25.26291345,CMS-20230220-154714
1,"{""c_acid"": 112, ""pka_acid"": 29, ""c_dye"": 16, ""pka_dye"": 60, ""c_ec"": 140, ""c_peg"": 132}",0.000110485,0.578947931,0.741604938,0.371725768,1.631720654,CMS-20230220-154714
1,"{""c_acid"": 146, ""pka_acid"": 7, ""c_dye"": 250, ""pka_dye"": 50, ""c_ec"": 0, ""c_peg"": 4}",0.00334376,1.180702322,0.856419753,0.790418366,0.889196606,CMS-20230220-154714
1,"{""c_acid"": 0, ""pka_acid"": 29, ""c_dye"": 164, ""pka_dye"": 38, ""c_ec"": 86, ""c_peg"": 150}",0.000552878,4.644515609,0.196296296,0.336259381,6.837718518,CMS-20230220-154714
1,"{""c_acid"": 0, ""pka_acid"": 29, ""c_dye"": 198, ""pka_dye"": 38, ""c_ec"": 142, ""c_peg"": 0}",0.214062129,13.54654986,0.168641975,0.818346957,24.12497589,CMS-20230220-154714
1,"{""c_acid"": 80, ""pka_acid"": 13, ""c_dye"": 116, ""pka_dye"": 60, ""c_ec"": 204, ""c_peg"": 0}",0.001884291,4.314519895,0.404320988,0.542985552,1.043838623,CMS-20230220-154714
1,"{""c_acid"": 0, ""pka_acid"": 0, ""c_dye"": 330, ""pka_dye"": 47, ""c_ec"": 44, ""c_peg"": 26}",0.314803469,11.1022598,0.347901235,0.855591962,22.94854249,CMS-20230220-154714
1,"{""c_acid"": 76, ""pka_acid"": 0, ""c_dye"": 220, ""pka_dye"": 47, ""c_ec"": 0, ""c_peg"": 104}",1.34E-05,0.384859641,0.959382716,-0.056150457,1.166143965,CMS-20230220-154714
1,"{""c_acid"": 36, ""pka_acid"": 29, ""c_dye"": 154, ""pka_dye"": 38, ""c_ec"": 76, ""c_peg"": 4}",0.311879818,7.140684625,0.343333333,0.904606581,23.05923794,CMS-20230220-154714
1,"{""c_acid"": 0, ""pka_acid"": 29, ""c_dye"": 146, ""pka_dye"": 38, ""c_ec"": 162, ""c_peg"": 92}",0.001058729,6.642051321,0.175555556,0.394767596,7.415759861,CMS-20230220-154714
1,"{""c_acid"": 212, ""pka_acid"": 13, ""c_dye"": 26, ""pka_dye"": 60, ""c_ec"": 162, ""c_peg"": 0}",0.009004848,3.33018691,0.418518519,0.734025521,0.87171499,CMS-20230220-154714
1,"{""c_acid"": 180, ""pka_acid"": 49, ""c_dye"": 216, ""pka_dye"": 68, ""c_ec"": 4, ""c_peg"": 0}",0.002235245,2.634003168,0.609012346,0.547271125,0.816793909,CMS-20230220-154714
2,"{""c_acid"": 50, ""pka_acid"": 7, ""c_dye"": 256, ""pka_dye"": 79, ""c_ec"": 0, ""c_peg"": 94}",0.001508408,2.963165387,0.49729642,0.532391527,1.044990387,CMS-20230221-013558
2,"{""c_acid"": 32, ""pka_acid"": 49, ""c_dye"": 200, ""pka_dye"": 38, ""c_ec"": 35, ""c_peg"": 40}",0.007671721,6.522091621,0.313317713,0.636677675,5.489123974,CMS-20230221-013558
2,"{""c_acid"": 226, ""pka_acid"": 49, ""c_dye"": 84, ""pka_dye"": 50, ""c_ec"": 30, ""c_peg"": 58}",0.000174483,0.595180091,0.713623135,0.468767807,0.749185423,CMS-20230221-013558
2,"{""c_acid"": 92, ""pka_acid"": 7, ""c_dye"": 208, ""pka_dye"": 47, ""c_ec"": 0, ""c_peg"": 100}",0.008134762,1.924333667,0.779514531,0.56339751,0.629259215,CMS-20230221-013558
2,"{""c_acid"": 0, ""pka_acid"": 29, ""c_dye"": 148, ""pka_dye"": 68, ""c_ec"": 24, ""c_peg"": 28}",0.004961187,1.669064722,0.678935613,0.787548389,0.777970223,CMS-20230221-013558
2,"{""c_acid"": 98, ""pka_acid"": 49, ""c_dye"": 192, ""pka_dye"": 60, ""c_ec"": 92, ""c_peg"": 16}",0.002936705,4.888795396,0.289471232,0.601519253,3.765741753,CMS-20230221-013558
2,"{""c_acid"": 116, ""pka_acid"": 49, ""c_dye"": 224, ""pka_dye"": 65, ""c_ec"": 0, ""c_peg"": 60}",0.005798881,5.135980344,0.24517669,0.718491485,1.871792184,CMS-20230221-013558
2,"{""c_acid"": 140, ""pka_acid"": 7, ""c_dye"": 2, ""pka_dye"": 38, ""c_ec"": 74, ""c_peg"": 182}",4.30E-05,0.284051993,0.937791891,0.269449662,0.856042441,CMS-20230221-013558
2,"{""c_acid"": 88, ""pka_acid"": 13, ""c_dye"": 78, ""pka_dye"": 79, ""c_ec"": 74, ""c_peg"": 162}",3.61E-05,0.848920134,0.911256902,0.212109239,1.215598202,CMS-20230221-013558
2,"{""c_acid"": 0, ""pka_acid"": 49, ""c_dye"": 100, ""pka_dye"": 68, ""c_ec"": 246, ""c_peg"": 54}",0.005159303,1.986509194,0.61208657,0.678085164,0.723009562,CMS-20230221-013558
2,"{""c_acid"": 64, ""pka_acid"": 49, ""c_dye"": 192, ""pka_dye"": 47, ""c_ec"": 0, ""c_peg"": 146}",0.000392209,2.109486096,0.543649717,0.361443185,5.449948863,CMS-20230221-013558
2,"{""c_acid"": 0, ""pka_acid"": 49, ""c_dye"": 256, ""pka_dye"": 68, ""c_ec"": 106, ""c_peg"": 38}",0.010174321,2.825865076,0.543211795,0.841554689,0.571092251,CMS-20230221-013558
2,"{""c_acid"": 164, ""pka_acid"": 0, ""c_dye"": 216, ""pka_dye"": 50, ""c_ec"": 0, ""c_peg"": 20}",0.00142271,1.171318598,0.486661186,0.689469585,0.700449839,CMS-20230221-013558
2,"{""c_acid"": 30, ""pka_acid"": 39, ""c_dye"": 156, ""pka_dye"": 68, ""c_ec"": 80, ""c_peg"": 28}",0.002199279,1.252715187,0.749771858,0.71130818,0.439059407,CMS-20230221-013558
2,"{""c_acid"": 30, ""pka_acid"": 49, ""c_dye"": 300, ""pka_dye"": 50, ""c_ec"": 30, ""c_peg"": 40}",0.019671905,4.185086875,0.401680985,0.899401745,0.450445951,CMS-20230221-013558
2,"{""c_acid"": 186, ""pka_acid"": 0, ""c_dye"": 194, ""pka_dye"": 50, ""c_ec"": 0, ""c_peg"": 20}",0.000193491,0.769569103,0.574176978,0.453923883,0.491093942,CMS-20230221-013558
2,"{""c_acid"": 186, ""pka_acid"": 49, ""c_dye"": 162, ""pka_dye"": 50, ""c_ec"": 40, ""c_peg"": 12}",0.000494196,0.824143642,0.701368301,0.570985506,0.494647008,CMS-20230221-013558
2,"{""c_acid"": 16, ""pka_acid"": 29, ""c_dye"": 168, ""pka_dye"": 68, ""c_ec"": 60, ""c_peg"": 26}",0.004466551,1.82229975,0.636333429,0.753124707,0.512492012,CMS-20230221-013558
2,"{""c_acid"": 0, ""pka_acid"": 0, ""c_dye"": 206, ""pka_dye"": 68, ""c_ec"": 0, ""c_peg"": 194}",0.017672302,4.862242671,0.524001315,0.829684532,0.976787822,CMS-20230221-013558
2,"{""c_acid"": 0, ""pka_acid"": 13, ""c_dye"": 2, ""pka_dye"": 60, ""c_ec"": 100, ""c_peg"": 298}",1.93E-05,0.182742979,0.971368575,0.279708754,0.800855027,CMS-20230221-013558
2,"{""c_acid"": 124, ""pka_acid"": 13, ""c_dye"": 238, ""pka_dye"": 38, ""c_ec"": 38, ""c_peg"": 0}",0.096394024,12.98069985,0.070797331,0.752440436,20.11511881,CMS-20230221-013558
2,"{""c_acid"": 8, ""pka_acid"": 39, ""c_dye"": 162, ""pka_dye"": 68, ""c_ec"": 44, ""c_peg"": 26}",0.004714226,1.898139189,0.62195777,0.772714651,0.569053737,CMS-20230221-013558
2,"{""c_acid"": 146, ""pka_acid"": 29, ""c_dye"": 2, ""pka_dye"": 79, ""c_ec"": 0, ""c_peg"": 252}",1.53E-05,0.151736602,0.973967197,0.15057088,0.773980491,CMS-20230221-013558
2,"{""c_acid"": 0, ""pka_acid"": 39, ""c_dye"": 150, ""pka_dye"": 68, ""c_ec"": 84, ""c_peg"": 28}",0.003321317,1.59598425,0.722046971,0.704766318,0.940554759,CMS-20230221-013558
2,"{""c_acid"": 154, ""pka_acid"": 49, ""c_dye"": 2, ""pka_dye"": 65, ""c_ec"": 54, ""c_peg"": 32}",0.000304616,1.013205507,0.725817953,0.493224903,0.77587888,CMS-20230221-013558
2,"{""c_acid"": 0, ""pka_acid"": 39, ""c_dye"": 116, ""pka_dye"": 68, ""c_ec"": 36, ""c_peg"": 250}",0.000194364,0.564445918,0.910866527,0.314597091,1.185606941,CMS-20230221-013558
2,"{""c_acid"": 226, ""pka_acid"": 39, ""c_dye"": 174, ""pka_dye"": 60, ""c_ec"": 0, ""c_peg"": 0}",0.01660443,13.27864528,0.15415848,0.765551781,1.800693717,CMS-20230221-013558
2,"{""c_acid"": 176, ""pka_acid"": 13, ""c_dye"": 2, ""pka_dye"": 68, ""c_ec"": 52, ""c_peg"": 168}",2.57E-05,0.36645387,0.90032762,0.229043591,1.047770599,CMS-20230221-013558
2,"{""c_acid"": 86, ""pka_acid"": 39, ""c_dye"": 114, ""pka_dye"": 38, ""c_ec"": 46, ""c_peg"": 154}",0.000159789,3.732481276,0.18107206,0.267487498,3.646611659,CMS-20230221-013558
2,"{""c_acid"": 0, ""pka_acid"": 13, ""c_dye"": 200, ""pka_dye"": 68, ""c_ec"": 35, ""c_peg"": 25}",0.007147643,2.132444096,0.605414286,0.809408086,0.701350653,CMS-20230221-013558
2,"{""c_acid"": 28, ""pka_acid"": 39, ""c_dye"": 160, ""pka_dye"": 68, ""c_ec"": 42, ""c_peg"": 26}",0.001238723,1.425952034,0.718108686,0.629052166,0.688962496,CMS-20230221-013558
2,"{""c_acid"": 12, ""pka_acid"": 39, ""c_dye"": 164, ""pka_dye"": 68, ""c_ec"": 78, ""c_peg"": 26}",0.001674367,1.552483728,0.720448062,0.635972513,0.597369284,CMS-20230221-013558
2,"{""c_acid"": 132, ""pka_acid"": 7, ""c_dye"": 58, ""pka_dye"": 47, ""c_ec"": 22, ""c_peg"": 106}",6.72E-05,0.224313249,0.965816308,0.297152484,0.92401492,CMS-20230219-124246
2,"{""c_acid"": 280, ""pka_acid"": 7, ""c_dye"": 2, ""pka_dye"": 63, ""c_ec"": 22, ""c_peg"": 96}",0.000101035,0.651564815,0.798891218,0.371225103,0.849533063,CMS-20230219-124246
2,"{""c_acid"": 112, ""pka_acid"": 49, ""c_dye"": 192, ""pka_dye"": 38, ""c_ec"": 96, ""c_peg"": 0}",0.000366079,7.007417996,0.59640975,0.142201107,2.648694145,CMS-20230219-124246
2,"{""c_acid"": 84, ""pka_acid"": 0, ""c_dye"": 244, ""pka_dye"": 38, ""c_ec"": 0, ""c_peg"": 72}",0.000724346,2.998013356,0.671738398,0.440115181,0.740073578,CMS-20230219-124246
2,"{""c_acid"": 0, ""pka_acid"": 49, ""c_dye"": 202, ""pka_dye"": 47, ""c_ec"": 24, ""c_peg"": 174}",0.015378443,12.12985275,0.232125211,0.514932399,5.931339898,CMS-20230219-124246
2,"{""c_acid"": 174, ""pka_acid"": 29, ""c_dye"": 58, ""pka_dye"": 79, ""c_ec"": 70, ""c_peg"": 58}",6.46E-06,0.193978048,0.980865705,-0.380730115,0.660279695,CMS-20230219-124246
2,"{""c_acid"": 96, ""pka_acid"": 7, ""c_dye"": 144, ""pka_dye"": 68, ""c_ec"": 60, ""c_peg"": 28}",5.20E-06,0.155296268,0.992843206,-0.147256874,0.480094304,CMS-20230219-124246
2,"{""c_acid"": 26, ""pka_acid"": 29, ""c_dye"": 300, ""pka_dye"": 50, ""c_ec"": 74, ""c_peg"": 0}",0.000254201,0.972699876,0.613045039,0.457464169,1.50507046,CMS-20230219-124246
2,"{""c_acid"": 260, ""pka_acid"": 29, ""c_dye"": 20, ""pka_dye"": 63, ""c_ec"": 78, ""c_peg"": 42}",0.030208412,8.673144853,0.504764802,0.838439826,0.860816809,CMS-20230219-124246
2,"{""c_acid"": 0, ""pka_acid"": 49, ""c_dye"": 68, ""pka_dye"": 47, ""c_ec"": 144, ""c_peg"": 188}",0.000154536,2.476001295,0.604559269,0.367402152,2.792240375,CMS-20230219-124246
2,"{""c_acid"": 0, ""pka_acid"": 49, ""c_dye"": 52, ""pka_dye"": 83, ""c_ec"": 70, ""c_peg"": 278}",6.27E-06,0.154571906,0.988275853,0.129485801,0.853606089,CMS-20230219-124246
2,"{""c_acid"": 36, ""pka_acid"": 39, ""c_dye"": 212, ""pka_dye"": 47, ""c_ec"": 98, ""c_peg"": 54}",0.019252599,26.46386207,0.05563174,0.662314184,6.308085295,CMS-20230219-124246
2,"{""c_acid"": 94, ""pka_acid"": 29, ""c_dye"": 296, ""pka_dye"": 50, ""c_ec"": 0, ""c_peg"": 12}",0.027254951,4.217281659,0.481897069,0.913584779,1.65530836,CMS-20230219-124246
2,"{""c_acid"": 0, ""pka_acid"": 39, ""c_dye"": 138, ""pka_dye"": 63, ""c_ec"": 204, ""c_peg"": 58}",0.03286805,24.41528977,0.118768721,0.735823343,3.705428567,CMS-20230219-124246
2,"{""c_acid"": 40, ""pka_acid"": 49, ""c_dye"": 254, ""pka_dye"": 50, ""c_ec"": 0, ""c_peg"": 106}",0.003354096,1.723217004,0.560634138,0.726859136,0.484706587,CMS-20230219-124246
2,"{""c_acid"": 0, ""pka_acid"": 0, ""c_dye"": 252, ""pka_dye"": 68, ""c_ec"": 48, ""c_peg"": 100}",0.022363281,5.015089346,0.516374125,0.869025655,0.423993576,CMS-20230219-124246
2,"{""c_acid"": 0, ""pka_acid"": 13, ""c_dye"": 200, ""pka_dye"": 65, ""c_ec"": 35, ""c_peg"": 25}",0.231029604,9.093483358,0.27719749,0.899708487,15.75999032,CMS-20230219-124246
2,"{""c_acid"": 0, ""pka_acid"": 13, ""c_dye"": 222, ""pka_dye"": 38, ""c_ec"": 0, ""c_peg"": 178}",0.000646876,5.478862643,0.183722476,0.233600432,12.73869816,CMS-20230219-124246
2,"{""c_acid"": 38, ""pka_acid"": 29, ""c_dye"": 238, ""pka_dye"": 68, ""c_ec"": 124, ""c_peg"": 0}",0.000134909,0.458434298,0.651508064,0.479922317,0.834142157,CMS-20230219-124246
2,"{""c_acid"": 70, ""pka_acid"": 13, ""c_dye"": 98, ""pka_dye"": 63, ""c_ec"": 206, ""c_peg"": 26}",8.01E-06,0.121287594,0.985559255,0.104237044,0.734304302,CMS-20230219-124246
2,"{""c_acid"": 2, ""pka_acid"": 29, ""c_dye"": 54, ""pka_dye"": 38, ""c_ec"": 88, ""c_peg"": 64}",0.036532067,14.18054906,0.218399446,0.68410795,10.14439298,CMS-20230219-124246
2,"{""c_acid"": 0, ""pka_acid"": 13, ""c_dye"": 190, ""pka_dye"": 63, ""c_ec"": 210, ""c_peg"": 0}",0.009496833,1.98883078,0.528605116,0.848141191,0.808134451,CMS-20230219-124246
2,"{""c_acid"": 34, ""pka_acid"": 7, ""c_dye"": 98, ""pka_dye"": 47, ""c_ec"": 0, ""c_peg"": 268}",0.002545431,0.938864543,0.886300818,0.324469807,0.929778802,CMS-20230219-124246
2,"{""c_acid"": 6, ""pka_acid"": 29, ""c_dye"": 154, ""pka_dye"": 38, ""c_ec"": 0, ""c_peg"": 240}",0.004459089,1.926899517,0.603808937,0.675404044,2.318691809,CMS-20230219-124246
2,"{""c_acid"": 80, ""pka_acid"": 13, ""c_dye"": 152, ""pka_dye"": 68, ""c_ec"": 84, ""c_peg"": 86}",1.95E-06,0.057926089,0.99703827,-0.266156208,0.48911018,CMS-20230219-124246
2,"{""c_acid"": 140, ""pka_acid"": 13, ""c_dye"": 116, ""pka_dye"": 68, ""c_ec"": 144, ""c_peg"": 0}",0.000322064,0.417302242,0.7767719,0.597239605,0.871705305,CMS-20230219-124246
2,"{""c_acid"": 96, ""pka_acid"": 0, ""c_dye"": 78, ""pka_dye"": 68, ""c_ec"": 108, ""c_peg"": 116}",7.88E-06,0.227654874,0.971854181,-0.164602291,1.013031256,CMS-20230219-124246
2,"{""c_acid"": 132, ""pka_acid"": 29, ""c_dye"": 172, ""pka_dye"": 47, ""c_ec"": 2, ""c_peg"": 92}",0.03544102,18.36144685,0.211869117,0.787754138,1.371809195,CMS-20230219-124246
2,"{""c_acid"": 28, ""pka_acid"": 7, ""c_dye"": 2, ""pka_dye"": 50, ""c_ec"": 326, ""c_peg"": 44}",3.73E-07,0.005801347,0.986433592,-0.159028837,1.434617882,CMS-20230219-124246
2,"{""c_acid"": 202, ""pka_acid"": 7, ""c_dye"": 198, ""pka_dye"": 68, ""c_ec"": 0, ""c_peg"": 0}",1.72E-05,0.512919146,0.737286691,-0.123415892,1.13587651,CMS-20230219-124246
2,"{""c_acid"": 58, ""pka_acid"": 29, ""c_dye"": 166, ""pka_dye"": 47, ""c_ec"": 70, ""c_peg"": 106}",0.010276449,24.16610062,0.062653567,0.591552908,5.172729941,CMS-20230219-124246
2,"{""c_acid"": 36, ""pka_acid"": 0, ""c_dye"": 212, ""pka_dye"": 68, ""c_ec"": 0, ""c_peg"": 30}",5.66E-06,0.169100421,0.891601513,-0.346415015,0.580167191,CMS-20230219-124246
2,"{""c_acid"": 114, ""pka_acid"": 7, ""c_dye"": 114, ""pka_dye"": 38, ""c_ec"": 0, ""c_peg"": 62}",0.143743246,29.99220128,0.160815007,0.93541973,3.565908975,CMS-20230220-154714
2,"{""c_acid"": 0, ""pka_acid"": 39, ""c_dye"": 140, ""pka_dye"": 38, ""c_ec"": 192, ""c_peg"": 68}",0.006003662,8.636837409,0.16337307,0.616811422,5.43091928,CMS-20230220-154714
2,"{""c_acid"": 102, ""pka_acid"": 49, ""c_dye"": 226, ""pka_dye"": 38, ""c_ec"": 38, ""c_peg"": 34}",0.004380125,5.183825859,0.201653855,0.676330658,2.810335851,CMS-20230220-154714
2,"{""c_acid"": 0, ""pka_acid"": 49, ""c_dye"": 78, ""pka_dye"": 38, ""c_ec"": 110, ""c_peg"": 214}",0.000555864,1.855663484,0.574976912,0.544501369,1.923107453,CMS-20230220-154714
2,"{""c_acid"": 44, ""pka_acid"": 49, ""c_dye"": 206, ""pka_dye"": 60, ""c_ec"": 0, ""c_peg"": 152}",0.0005158,3.037479048,0.342301558,0.38481839,3.913898473,CMS-20230220-154714
2,"{""c_acid"": 178, ""pka_acid"": 13, ""c_dye"": 62, ""pka_dye"": 60, ""c_ec"": 160, ""c_peg"": 0}",0.00917138,4.695761096,0.391074252,0.722304666,1.340736047,CMS-20230220-154714
2,"{""c_acid"": 56, ""pka_acid"": 0, ""c_dye"": 292, ""pka_dye"": 47, ""c_ec"": 20, ""c_peg"": 30}",0.270159227,47.627822,0.340246365,0.980636183,0.566017692,CMS-20230220-154714
2,"{""c_acid"": 88, ""pka_acid"": 29, ""c_dye"": 160, ""pka_dye"": 38, ""c_ec"": 134, ""c_peg"": 0}",0.102876045,12.19643335,0.075120374,0.798449511,16.15631292,CMS-20230220-154714
2,"{""c_acid"": 124, ""pka_acid"": 0, ""c_dye"": 68, ""pka_dye"": 38, ""c_ec"": 0, ""c_peg"": 208}",0.001846319,0.976055049,0.887251065,0.189928205,1.696536872,CMS-20230220-154714
2,"{""c_acid"": 0, ""pka_acid"": 49, ""c_dye"": 38, ""pka_dye"": 83, ""c_ec"": 170, ""c_peg"": 192}",0.00100539,1.037570176,0.716482509,0.642908256,1.742205105,CMS-20230220-154714
2,"{""c_acid"": 0, ""pka_acid"": 7, ""c_dye"": 238, ""pka_dye"": 47, ""c_ec"": 102, ""c_peg"": 30}",0.095741314,14.55286072,0.156490456,0.710761404,17.51612402,CMS-20230220-154714
2,"{""c_acid"": 110, ""pka_acid"": 39, ""c_dye"": 210, ""pka_dye"": 38, ""c_ec"": 80, ""c_peg"": 0}",0.009759922,9.467911183,0.212883764,0.698514286,3.109674487,CMS-20230220-154714
2,"{""c_acid"": 184, ""pka_acid"": 13, ""c_dye"": 216, ""pka_dye"": 47, ""c_ec"": 0, ""c_peg"": 0}",0.349273481,13.05060216,0.066480591,0.901643701,32.37377549,CMS-20230220-154714
2,"{""c_acid"": 44, ""pka_acid"": 29, ""c_dye"": 156, ""pka_dye"": 38, ""c_ec"": 94, ""c_peg"": 0}",0.137771912,11.88743433,0.076471684,0.816237983,19.1314031,CMS-20230220-154714
2,"{""c_acid"": 0, ""pka_acid"": 29, ""c_dye"": 178, ""pka_dye"": 38, ""c_ec"": 172, ""c_peg"": 0}",0.204902013,11.91680081,0.092021485,0.835857596,25.003272,CMS-20230220-154714
2,"{""c_acid"": 0, ""pka_acid"": 39, ""c_dye"": 344, ""pka_dye"": 47, ""c_ec"": 14, ""c_peg"": 42}",0.226063786,10.0013613,0.316960442,0.872137769,13.89888928,CMS-20230220-154714
2,"{""c_acid"": 0, ""pka_acid"": 49, ""c_dye"": 144, ""pka_dye"": 50, ""c_ec"": 4, ""c_peg"": 252}",0.003424618,2.217374425,0.594185473,0.678270134,0.727167759,CMS-20230220-154714
2,"{""c_acid"": 0, ""pka_acid"": 7, ""c_dye"": 48, ""pka_dye"": 38, ""c_ec"": 60, ""c_peg"": 292}",0.000768504,0.753057391,0.793021471,0.460751464,0.897104889,CMS-20230220-154714
2,"{""c_acid"": 88, ""pka_acid"": 29, ""c_dye"": 152, ""pka_dye"": 38, ""c_ec"": 160, ""c_peg"": 0}",0.103645892,11.28621994,0.107433716,0.8085031,15.73800439,CMS-20230220-154714
2,"{""c_acid"": 108, ""pka_acid"": 0, ""c_dye"": 46, ""pka_dye"": 79, ""c_ec"": 0, ""c_peg"": 248}",6.91E-05,0.402746488,0.923833326,0.318315524,0.872768833,CMS-20230220-154714
2,"{""c_acid"": 2, ""pka_acid"": 49, ""c_dye"": 42, ""pka_dye"": 79, ""c_ec"": 80, ""c_peg"": 276}",0.00085981,0.53737714,0.783059015,0.527551215,1.137027125,CMS-20230220-154714
2,"{""c_acid"": 96, ""pka_acid"": 39, ""c_dye"": 280, ""pka_dye"": 38, ""c_ec"": 0, ""c_peg"": 24}",0.008449087,8.021600491,0.218554281,0.69958892,3.032397921,CMS-20230220-154714
2,"{""c_acid"": 90, ""pka_acid"": 7, ""c_dye"": 2, ""pka_dye"": 38, ""c_ec"": 246, ""c_peg"": 64}",0.000707689,1.164016188,0.773850591,0.469444846,1.938089391,CMS-20230220-154714
2,"{""c_acid"": 42, ""pka_acid"": 29, ""c_dye"": 174, ""pka_dye"": 38, ""c_ec"": 96, ""c_peg"": 0}",0.074191822,9.125726892,0.085976761,0.80233833,15.988937,CMS-20230220-154714
2,"{""c_acid"": 186, ""pka_acid"": 29, ""c_dye"": 64, ""pka_dye"": 47, ""c_ec"": 72, ""c_peg"": 78}",0.030328722,22.05358571,0.224820159,0.72486122,3.611509916,CMS-20230220-154714
2,"{""c_acid"": 148, ""pka_acid"": 29, ""c_dye"": 148, ""pka_dye"": 38, ""c_ec"": 104, ""c_peg"": 0}",0.096888623,12.25667682,0.089552623,0.80405695,15.32602256,CMS-20230220-154714
2,"{""c_acid"": 0, ""pka_acid"": 0, ""c_dye"": 330, ""pka_dye"": 47, ""c_ec"": 44, ""c_peg"": 26}",0.231802196,9.810396422,0.382882394,0.843842345,15.15716353,CMS-20230220-154714
2,"{""c_acid"": 54, ""pka_acid"": 0, ""c_dye"": 310, ""pka_dye"": 47, ""c_ec"": 12, ""c_peg"": 26}",0.305844931,42.36225183,0.136279032,0.976699846,5.684772379,CMS-20230220-154714
2,"{""c_acid"": 0, ""pka_acid"": 49, ""c_dye"": 168, ""pka_dye"": 83, ""c_ec"": 38, ""c_peg"": 194}",5.82E-05,0.474675484,0.929414505,0.190282191,1.795097789,CMS-20230220-154714
2,"{""c_acid"": 38, ""pka_acid"": 13, ""c_dye"": 150, ""pka_dye"": 38, ""c_ec"": 214, ""c_peg"": 0}",0.087786012,13.18657533,0.065502802,0.773616037,16.1773952,CMS-20230220-154714
2,"{""c_acid"": 92, ""pka_acid"": 29, ""c_dye"": 162, ""pka_dye"": 83, ""c_ec"": 70, ""c_peg"": 4}",0.000644345,0.704021858,0.764541593,0.606440866,0.758370581,CMS-20230220-154714
2,"{""c_acid"": 150, ""pka_acid"": 0, ""c_dye"": 2, ""pka_dye"": 68, ""c_ec"": 248, ""c_peg"": 0}",0.000243514,0.546550769,0.874509256,0.472347665,1.329390624,CMS-20230220-154714
3,"{""c_acid"": 28, ""pka_acid"": 39, ""c_dye"": 160, ""pka_dye"": 68, ""c_ec"": 42, ""c_peg"": 26}",0.000122876,1.123412981,0.825991971,0.304298813,0.58104116,CMS-20230221-013558
3,"{""c_acid"": 154, ""pka_acid"": 49, ""c_dye"": 2, ""pka_dye"": 65, ""c_ec"": 54, ""c_peg"": 32}",0.000133731,0.569697924,0.762111234,0.432343363,0.863673729,CMS-20230221-013558
3,"{""c_acid"": 0, ""pka_acid"": 49, ""c_dye"": 100, ""pka_dye"": 68, ""c_ec"": 246, ""c_peg"": 54}",0.000622574,1.096843202,0.732003261,0.45021648,0.762573409,CMS-20230221-013558
3,"{""c_acid"": 226, ""pka_acid"": 39, ""c_dye"": 174, ""pka_dye"": 60, ""c_ec"": 0, ""c_peg"": 0}",0.017349369,12.16339186,0.300920514,0.760496961,0.601822354,CMS-20230221-013558
3,"{""c_acid"": 226, ""pka_acid"": 49, ""c_dye"": 84, ""pka_dye"": 50, ""c_ec"": 30, ""c_peg"": 58}",4.76E-05,0.667008591,0.716362067,0.251168483,0.690405293,CMS-20230221-013558
3,"{""c_acid"": 164, ""pka_acid"": 0, ""c_dye"": 216, ""pka_dye"": 50, ""c_ec"": 0, ""c_peg"": 20}",0.000560287,0.730725858,0.672769625,0.60460045,0.501422398,CMS-20230221-013558
3,"{""c_acid"": 0, ""pka_acid"": 39, ""c_dye"": 150, ""pka_dye"": 68, ""c_ec"": 84, ""c_peg"": 28}",0.000562225,1.48290146,0.751658788,0.506290421,0.602136457,CMS-20230221-013558
3,"{""c_acid"": 0, ""pka_acid"": 49, ""c_dye"": 256, ""pka_dye"": 68, ""c_ec"": 106, ""c_peg"": 38}",0.00101006,1.84318668,0.731598224,0.580991658,0.395265397,CMS-20230221-013558
3,"{""c_acid"": 16, ""pka_acid"": 29, ""c_dye"": 168, ""pka_dye"": 68, ""c_ec"": 60, ""c_peg"": 26}",0.001636623,1.681926363,0.778052507,0.561174088,0.587503813,CMS-20230221-013558
3,"{""c_acid"": 30, ""pka_acid"": 49, ""c_dye"": 300, ""pka_dye"": 50, ""c_ec"": 30, ""c_peg"": 40}",0.013362365,3.97726995,0.376407147,0.846861473,0.603754239,CMS-20230221-013558
3,"{""c_acid"": 92, ""pka_acid"": 7, ""c_dye"": 208, ""pka_dye"": 47, ""c_ec"": 0, ""c_peg"": 100}",6.74E-06,0.190233289,0.988400132,-0.338294597,0.908776324,CMS-20230221-013558
3,"{""c_acid"": 0, ""pka_acid"": 0, ""c_dye"": 206, ""pka_dye"": 68, ""c_ec"": 0, ""c_peg"": 194}",0.021738203,5.733815448,0.580847344,0.842171135,1.021809125,CMS-20230221-013558
3,"{""c_acid"": 186, ""pka_acid"": 49, ""c_dye"": 162, ""pka_dye"": 50, ""c_ec"": 40, ""c_peg"": 12}",7.73E-05,0.710931672,0.716237377,0.345244376,0.602129155,CMS-20230221-013558
3,"{""c_acid"": 32, ""pka_acid"": 49, ""c_dye"": 200, ""pka_dye"": 38, ""c_ec"": 35, ""c_peg"": 40}",0.005076127,5.072806211,0.273561612,0.672501567,2.3105347,CMS-20230221-013558
3,"{""c_acid"": 98, ""pka_acid"": 49, ""c_dye"": 192, ""pka_dye"": 60, ""c_ec"": 92, ""c_peg"": 16}",0.004439921,5.974676606,0.110642222,0.660483473,4.398103625,CMS-20230221-013558
3,"{""c_acid"": 186, ""pka_acid"": 0, ""c_dye"": 194, ""pka_dye"": 50, ""c_ec"": 0, ""c_peg"": 20}",0.000145563,0.715464078,0.548286814,0.434715904,0.54275563,CMS-20230221-013558
3,"{""c_acid"": 176, ""pka_acid"": 13, ""c_dye"": 2, ""pka_dye"": 68, ""c_ec"": 52, ""c_peg"": 168}",5.73E-05,0.300330358,0.940428331,0.253888129,1.27935228,CMS-20230221-013558
3,"{""c_acid"": 12, ""pka_acid"": 39, ""c_dye"": 164, ""pka_dye"": 68, ""c_ec"": 78, ""c_peg"": 26}",0.000151658,1.146454598,0.79509571,0.346117434,0.634297818,CMS-20230221-013558
3,"{""c_acid"": 116, ""pka_acid"": 49, ""c_dye"": 224, ""pka_dye"": 65, ""c_ec"": 0, ""c_peg"": 60}",0.003793257,9.160557853,0.095097902,0.627730945,3.288260561,CMS-20230221-013558
3,"{""c_acid"": 86, ""pka_acid"": 39, ""c_dye"": 114, ""pka_dye"": 38, ""c_ec"": 46, ""c_peg"": 154}",0.000149547,4.322707815,0.159989586,0.229877831,4.43389967,CMS-20230221-013558
3,"{""c_acid"": 88, ""pka_acid"": 13, ""c_dye"": 78, ""pka_dye"": 79, ""c_ec"": 74, ""c_peg"": 162}",6.53E-05,1.101607885,0.753958976,0.133768912,1.468345952,CMS-20230221-013558
3,"{""c_acid"": 140, ""pka_acid"": 7, ""c_dye"": 2, ""pka_dye"": 38, ""c_ec"": 74, ""c_peg"": 182}",1.97E-05,0.189337078,0.972368973,0.204400849,0.854429037,CMS-20230221-013558
3,"{""c_acid"": 0, ""pka_acid"": 13, ""c_dye"": 200, ""pka_dye"": 68, ""c_ec"": 35, ""c_peg"": 25}",0.00123467,1.529305731,0.75077664,0.595233803,0.607707127,CMS-20230221-013558
3,"{""c_acid"": 124, ""pka_acid"": 13, ""c_dye"": 238, ""pka_dye"": 38, ""c_ec"": 38, ""c_peg"": 0}",0.07633376,12.62318511,0.056494293,0.729277141,19.74648141,CMS-20230221-013558
3,"{""c_acid"": 64, ""pka_acid"": 49, ""c_dye"": 192, ""pka_dye"": 47, ""c_ec"": 0, ""c_peg"": 146}",0.000807476,6.638259921,0.333290445,0.415924433,3.921408887,CMS-20230221-013558
3,"{""c_acid"": 146, ""pka_acid"": 29, ""c_dye"": 2, ""pka_dye"": 79, ""c_ec"": 0, ""c_peg"": 252}",3.35E-05,0.228820168,0.967189542,0.370102953,0.892560087,CMS-20230221-013558
3,"{""c_acid"": 30, ""pka_acid"": 39, ""c_dye"": 156, ""pka_dye"": 68, ""c_ec"": 80, ""c_peg"": 28}",0.000339754,1.178487304,0.798245571,0.488618223,0.514285544,CMS-20230221-013558
3,"{""c_acid"": 0, ""pka_acid"": 13, ""c_dye"": 2, ""pka_dye"": 60, ""c_ec"": 100, ""c_peg"": 298}",1.17E-05,0.15949353,0.980389416,0.258525904,1.322975373,CMS-20230221-013558
3,"{""c_acid"": 8, ""pka_acid"": 39, ""c_dye"": 162, ""pka_dye"": 68, ""c_ec"": 44, ""c_peg"": 26}",0.000673291,1.335185131,0.757004152,0.565313322,0.38381491,CMS-20230221-013558
3,"{""c_acid"": 50, ""pka_acid"": 7, ""c_dye"": 256, ""pka_dye"": 79, ""c_ec"": 0, ""c_peg"": 94}",0.000621736,3.39216916,0.453192064,0.40780642,1.389263489,CMS-20230221-013558
3,"{""c_acid"": 0, ""pka_acid"": 29, ""c_dye"": 148, ""pka_dye"": 68, ""c_ec"": 24, ""c_peg"": 28}",0.000814745,1.545736143,0.75324975,0.558227986,0.48609297,CMS-20230221-013558
3,"{""c_acid"": 0, ""pka_acid"": 39, ""c_dye"": 116, ""pka_dye"": 68, ""c_ec"": 36, ""c_peg"": 250}",0.000560551,1.167272473,0.822903632,0.421933024,1.594473798,CMS-20230221-013558
3,"{""c_acid"": 0, ""pka_acid"": 39, ""c_dye"": 138, ""pka_dye"": 63, ""c_ec"": 204, ""c_peg"": 58}",0.03896031,17.07674696,0.160083446,0.763476699,5.175450282,CMS-20230219-124246
3,"{""c_acid"": 0, ""pka_acid"": 13, ""c_dye"": 200, ""pka_dye"": 65, ""c_ec"": 35, ""c_peg"": 25}",0.086771725,11.09558221,0.171600554,0.834330216,12.90616753,CMS-20230219-124246
3,"{""c_acid"": 40, ""pka_acid"": 49, ""c_dye"": 254, ""pka_dye"": 50, ""c_ec"": 0, ""c_peg"": 106}",0.001022954,1.788845933,0.527388224,0.556602502,0.624259364,CMS-20230219-124246
3,"{""c_acid"": 0, ""pka_acid"": 49, ""c_dye"": 52, ""pka_dye"": 83, ""c_ec"": 70, ""c_peg"": 278}",1.97E-05,0.402229,0.971010263,0.145757199,2.005247253,CMS-20230219-124246
3,"{""c_acid"": 26, ""pka_acid"": 29, ""c_dye"": 300, ""pka_dye"": 50, ""c_ec"": 74, ""c_peg"": 0}",0.000332338,0.865785463,0.701723736,0.462131161,0.911400081,CMS-20230219-124246
3,"{""c_acid"": 96, ""pka_acid"": 7, ""c_dye"": 144, ""pka_dye"": 68, ""c_ec"": 60, ""c_peg"": 28}",6.76E-06,0.191931333,0.984087913,-0.226802886,0.963944435,CMS-20230219-124246
3,"{""c_acid"": 6, ""pka_acid"": 29, ""c_dye"": 154, ""pka_dye"": 38, ""c_ec"": 0, ""c_peg"": 240}",0.001011979,4.482814722,0.313691372,0.327509789,5.886511392,CMS-20230219-124246
3,"{""c_acid"": 132, ""pka_acid"": 7, ""c_dye"": 58, ""pka_dye"": 47, ""c_ec"": 22, ""c_peg"": 106}",1.19E-05,0.355065432,0.978281333,-0.029799528,0.77214682,CMS-20230219-124246
3,"{""c_acid"": 112, ""pka_acid"": 49, ""c_dye"": 192, ""pka_dye"": 38, ""c_ec"": 96, ""c_peg"": 0}",0.000221855,5.384037331,0.416573355,-0.182820801,3.864022787,CMS-20230219-124246
3,"{""c_acid"": 96, ""pka_acid"": 0, ""c_dye"": 78, ""pka_dye"": 68, ""c_ec"": 108, ""c_peg"": 116}",2.66E-05,0.813445828,0.854352229,0.010224143,0.937146898,CMS-20230219-124246
3,"{""c_acid"": 94, ""pka_acid"": 29, ""c_dye"": 296, ""pka_dye"": 50, ""c_ec"": 0, ""c_peg"": 12}",0.014798397,3.906238693,0.363031748,0.804501388,2.181399905,CMS-20230219-124246
3,"{""c_acid"": 34, ""pka_acid"": 7, ""c_dye"": 98, ""pka_dye"": 47, ""c_ec"": 0, ""c_peg"": 268}",0.016885309,3.684440864,0.734489799,0.502582548,0.659949961,CMS-20230219-124246
3,"{""c_acid"": 0, ""pka_acid"": 13, ""c_dye"": 190, ""pka_dye"": 63, ""c_ec"": 210, ""c_peg"": 0}",0.007952314,1.6791407,0.563383483,0.871091439,0.557458331,CMS-20230219-124246
3,"{""c_acid"": 80, ""pka_acid"": 13, ""c_dye"": 152, ""pka_dye"": 68, ""c_ec"": 84, ""c_peg"": 86}",5.10E-06,0.147910793,0.990372426,-0.36544183,0.657072148,CMS-20230219-124246
3,"{""c_acid"": 0, ""pka_acid"": 13, ""c_dye"": 222, ""pka_dye"": 38, ""c_ec"": 0, ""c_peg"": 178}",0.034369666,8.982982751,0.587394116,0.592760705,1.442662089,CMS-20230219-124246
3,"{""c_acid"": 280, ""pka_acid"": 7, ""c_dye"": 2, ""pka_dye"": 63, ""c_ec"": 22, ""c_peg"": 96}",1.95E-06,0.054258214,0.996916184,-0.462713263,0.745624592,CMS-20230219-124246
3,"{""c_acid"": 0, ""pka_acid"": 49, ""c_dye"": 202, ""pka_dye"": 47, ""c_ec"": 24, ""c_peg"": 174}",0.002452512,3.118813468,0.366964004,0.576886444,2.950845697,CMS-20230219-124246
3,"{""c_acid"": 84, ""pka_acid"": 0, ""c_dye"": 244, ""pka_dye"": 38, ""c_ec"": 0, ""c_peg"": 72}",0.000193266,3.73269212,0.58157493,0.227678808,1.013109697,CMS-20230219-124246
3,"{""c_acid"": 174, ""pka_acid"": 29, ""c_dye"": 58, ""pka_dye"": 79, ""c_ec"": 70, ""c_peg"": 58}",4.55E-05,0.379597601,0.91663337,0.219256549,0.874582503,CMS-20230219-124246
3,"{""c_acid"": 132, ""pka_acid"": 29, ""c_dye"": 172, ""pka_dye"": 47, ""c_ec"": 2, ""c_peg"": 92}",0.038496618,20.79380226,0.245790137,0.789108468,1.438336439,CMS-20230219-124246
3,"{""c_acid"": 0, ""pka_acid"": 49, ""c_dye"": 68, ""pka_dye"": 47, ""c_ec"": 144, ""c_peg"": 188}",0.000888353,3.950696075,0.506574862,0.447876893,3.723334252,CMS-20230219-124246
3,"{""c_acid"": 28, ""pka_acid"": 7, ""c_dye"": 2, ""pka_dye"": 50, ""c_ec"": 326, ""c_peg"": 44}",0.000291822,1.227348551,0.806162974,0.320860138,1.219551614,CMS-20230219-124246
3,"{""c_acid"": 70, ""pka_acid"": 13, ""c_dye"": 98, ""pka_dye"": 63, ""c_ec"": 206, ""c_peg"": 26}",9.15E-06,0.276333024,0.986177635,-0.184274584,0.615624627,CMS-20230219-124246
3,"{""c_acid"": 0, ""pka_acid"": 0, ""c_dye"": 252, ""pka_dye"": 68, ""c_ec"": 48, ""c_peg"": 100}",0.008336781,3.323178224,0.615159973,0.577428176,0.411329581,CMS-20230219-124246
3,"{""c_acid"": 260, ""pka_acid"": 29, ""c_dye"": 20, ""pka_dye"": 63, ""c_ec"": 78, ""c_peg"": 42}",0.018053719,5.46742813,0.559254738,0.828404394,0.516412615,CMS-20230219-124246
3,"{""c_acid"": 2, ""pka_acid"": 29, ""c_dye"": 54, ""pka_dye"": 38, ""c_ec"": 88, ""c_peg"": 64}",0.01585397,21.84675212,0.082515038,0.554039557,8.969534303,CMS-20230219-124246
3,"{""c_acid"": 38, ""pka_acid"": 29, ""c_dye"": 238, ""pka_dye"": 68, ""c_ec"": 124, ""c_peg"": 0}",0.000300437,0.628782173,0.567793672,0.549269764,0.785745262,CMS-20230219-124246
3,"{""c_acid"": 36, ""pka_acid"": 39, ""c_dye"": 212, ""pka_dye"": 47, ""c_ec"": 98, ""c_peg"": 54}",0.024749145,31.89428413,0.044649018,0.642850234,7.14622923,CMS-20230219-124246
3,"{""c_acid"": 58, ""pka_acid"": 29, ""c_dye"": 166, ""pka_dye"": 47, ""c_ec"": 70, ""c_peg"": 106}",0.016796486,21.33687357,0.145656404,0.620258271,4.643502549,CMS-20230219-124246
3,"{""c_acid"": 36, ""pka_acid"": 0, ""c_dye"": 212, ""pka_dye"": 68, ""c_ec"": 0, ""c_peg"": 30}",2.38E-05,0.770817918,0.703277017,-0.046861754,0.53776445,CMS-20230219-124246
3,"{""c_acid"": 140, ""pka_acid"": 13, ""c_dye"": 116, ""pka_dye"": 68, ""c_ec"": 144, ""c_peg"": 0}",0.000182522,0.593198548,0.722133843,0.380928804,0.873925765,CMS-20230219-124246
3,"{""c_acid"": 202, ""pka_acid"": 7, ""c_dye"": 198, ""pka_dye"": 68, ""c_ec"": 0, ""c_peg"": 0}",3.69E-07,0.008577033,0.898013182,-0.691274488,1.702745992,CMS-20230219-124246
3,"{""c_acid"": 90, ""pka_acid"": 7, ""c_dye"": 212, ""pka_dye"": 47, ""c_ec"": 98, ""c_peg"": 0}",0.141528983,17.61362657,0.133078061,0.93987872,7.548998067,CMS-20230220-154714
3,"{""c_acid"": 34, ""pka_acid"": 7, ""c_dye"": 292, ""pka_dye"": 47, ""c_ec"": 60, ""c_peg"": 12}",0.485683656,25.29901374,0.178134857,0.806865916,73.7694027,CMS-20230220-154714
3,"{""c_acid"": 0, ""pka_acid"": 0, ""c_dye"": 82, ""pka_dye"": 60, ""c_ec"": 166, ""c_peg"": 150}",0.002261912,1.510516872,0.586652142,0.685843939,2.854162976,CMS-20230220-154714
3,"{""c_acid"": 200, ""pka_acid"": 49, ""c_dye"": 2, ""pka_dye"": 38, ""c_ec"": 58, ""c_peg"": 140}",0.000601542,2.559895377,0.434703827,0.402505761,3.718575031,CMS-20230220-154714
3,"{""c_acid"": 16, ""pka_acid"": 7, ""c_dye"": 318, ""pka_dye"": 47, ""c_ec"": 46, ""c_peg"": 18}",0.252319582,14.437868,0.206380839,0.740608593,54.26517364,CMS-20230220-154714
3,"{""c_acid"": 164, ""pka_acid"": 49, ""c_dye"": 112, ""pka_dye"": 38, ""c_ec"": 102, ""c_peg"": 22}",0.003785509,6.472853754,0.139251312,0.630752633,3.750384874,CMS-20230220-154714
3,"{""c_acid"": 142, ""pka_acid"": 29, ""c_dye"": 248, ""pka_dye"": 38, ""c_ec"": 10, ""c_peg"": 0}",0.090600077,7.059042,0.084383196,0.798320147,23.76709475,CMS-20230220-154714
3,"{""c_acid"": 0, ""pka_acid"": 13, ""c_dye"": 150, ""pka_dye"": 65, ""c_ec"": 250, ""c_peg"": 0}",0.047212511,8.612883486,0.130368863,0.889035457,6.69762095,CMS-20230220-154714
3,"{""c_acid"": 48, ""pka_acid"": 29, ""c_dye"": 190, ""pka_dye"": 38, ""c_ec"": 34, ""c_peg"": 0}",0.132509751,10.9299609,0.069689782,0.796224217,23.71273946,CMS-20230220-154714
3,"{""c_acid"": 184, ""pka_acid"": 13, ""c_dye"": 216, ""pka_dye"": 47, ""c_ec"": 0, ""c_peg"": 0}",0.242918742,13.64153162,0.056743399,0.84850944,35.84241414,CMS-20230220-154714
3,"{""c_acid"": 0, ""pka_acid"": 39, ""c_dye"": 114, ""pka_dye"": 68, ""c_ec"": 74, ""c_peg"": 212}",0.000818306,1.292498603,0.817321084,0.550561815,1.577231424,CMS-20230220-154714
3,"{""c_acid"": 16, ""pka_acid"": 49, ""c_dye"": 32, ""pka_dye"": 47, ""c_ec"": 260, ""c_peg"": 90}",0.011988542,23.57135219,0.052049849,0.427403429,16.68057001,CMS-20230220-154714
3,"{""c_acid"": 236, ""pka_acid"": 39, ""c_dye"": 164, ""pka_dye"": 50, ""c_ec"": 0, ""c_peg"": 0}",0.004297621,3.525255367,0.382216741,0.708278185,0.828676732,CMS-20230220-154714
3,"{""c_acid"": 210, ""pka_acid"": 39, ""c_dye"": 190, ""pka_dye"": 38, ""c_ec"": 0, ""c_peg"": 0}",0.01181238,15.20038022,0.079923131,0.631803459,7.481914215,CMS-20230220-154714
3,"{""c_acid"": 144, ""pka_acid"": 13, ""c_dye"": 16, ""pka_dye"": 47, ""c_ec"": 150, ""c_peg"": 92}",0.002762768,1.012729007,0.68078815,0.703530331,1.568575646,CMS-20230220-154714
3,"{""c_acid"": 38, ""pka_acid"": 13, ""c_dye"": 216, ""pka_dye"": 60, ""c_ec"": 146, ""c_peg"": 0}",0.01321843,6.821623466,0.270091531,0.782142277,1.937412724,CMS-20230220-154714
3,"{""c_acid"": 92, ""pka_acid"": 29, ""c_dye"": 202, ""pka_dye"": 38, ""c_ec"": 106, ""c_peg"": 0}",0.150265693,14.07086999,0.064142585,0.787541429,22.59612609,CMS-20230220-154714
3,"{""c_acid"": 82, ""pka_acid"": 13, ""c_dye"": 134, ""pka_dye"": 79, ""c_ec"": 92, ""c_peg"": 92}",4.05E-05,1.061831378,0.74420863,0.146326427,2.305447778,CMS-20230220-154714
3,"{""c_acid"": 2, ""pka_acid"": 7, ""c_dye"": 84, ""pka_dye"": 65, ""c_ec"": 314, ""c_peg"": 0}",0.026578132,6.877879871,0.170461216,0.860411564,4.141479299,CMS-20230220-154714
3,"{""c_acid"": 0, ""pka_acid"": 13, ""c_dye"": 102, ""pka_dye"": 47, ""c_ec"": 50, ""c_peg"": 62}",0.123469539,23.3255097,0.171305545,0.660981523,19.46896934,CMS-20230220-154714
3,"{""c_acid"": 88, ""pka_acid"": 7, ""c_dye"": 294, ""pka_dye"": 47, ""c_ec"": 16, ""c_peg"": 4}",0.412287192,15.22499799,0.261880215,0.847333144,62.72212763,CMS-20230220-154714
3,"{""c_acid"": 140, ""pka_acid"": 29, ""c_dye"": 180, ""pka_dye"": 47, ""c_ec"": 80, ""c_peg"": 0}",0.080194563,13.95203697,0.137518121,0.923012637,5.311222503,CMS-20230220-154714
3,"{""c_acid"": 14, ""pka_acid"": 29, ""c_dye"": 258, ""pka_dye"": 68, ""c_ec"": 126, ""c_peg"": 0}",0.000407614,0.413267148,0.766643236,0.646769823,0.688941938,CMS-20230220-154714
3,"{""c_acid"": 74, ""pka_acid"": 7, ""c_dye"": 308, ""pka_dye"": 47, ""c_ec"": 8, ""c_peg"": 10}",0.214441156,23.41655028,0.165878653,0.722448006,87.85713544,CMS-20230220-154714
3,"{""c_acid"": 66, ""pka_acid"": 13, ""c_dye"": 240, ""pka_dye"": 47, ""c_ec"": 80, ""c_peg"": 14}",0.167774542,27.34360725,0.181416122,0.674997483,44.65192052,CMS-20230220-154714
3,"{""c_acid"": 74, ""pka_acid"": 49, ""c_dye"": 76, ""pka_dye"": 83, ""c_ec"": 122, ""c_peg"": 128}",0.00230641,0.93978238,0.813825105,0.467814724,4.004948886,CMS-20230220-154714
3,"{""c_acid"": 162, ""pka_acid"": 49, ""c_dye"": 62, ""pka_dye"": 38, ""c_ec"": 14, ""c_peg"": 164}",0.000501028,1.938693391,0.489853386,0.428066181,3.549379561,CMS-20230220-154714
3,"{""c_acid"": 0, ""pka_acid"": 49, ""c_dye"": 242, ""pka_dye"": 60, ""c_ec"": 0, ""c_peg"": 158}",0.001037975,1.870346158,0.523880462,0.532298698,4.663351918,CMS-20230220-154714
3,"{""c_acid"": 92, ""pka_acid"": 29, ""c_dye"": 162, ""pka_dye"": 83, ""c_ec"": 70, ""c_peg"": 4}",0.000244561,0.395229489,0.870920788,0.54919072,1.257249888,CMS-20230220-154714
3,"{""c_acid"": 42, ""pka_acid"": 29, ""c_dye"": 174, ""pka_dye"": 38, ""c_ec"": 24, ""c_peg"": 0}",0.141539654,10.76546207,0.077834916,0.804312633,24.79449842,CMS-20230220-154714
3,"{""c_acid"": 114, ""pka_acid"": 0, ""c_dye"": 88, ""pka_dye"": 38, ""c_ec"": 198, ""c_peg"": 0}",0.000131333,4.08376484,0.375966073,0.140770305,3.471360106,CMS-20230220-154714
3,"{""c_acid"": 0, ""pka_acid"": 7, ""c_dye"": 146, ""pka_dye"": 60, ""c_ec"": 200, ""c_peg"": 54}",0.002233555,6.32904666,0.152833614,0.486602049,8.028901979,CMS-20230220-154714
4,"{""c_acid"": 50, ""pka_acid"": 0, ""c_dye"": 178, ""pka_dye"": 68, ""c_ec"": 44, ""c_peg"": 28}",0.000440291,2.730634482,0.399876543,0.430400662,1.110294231,CMS-20230221-013558
4,"{""c_acid"": 118, ""pka_acid"": 49, ""c_dye"": 2, ""pka_dye"": 68, ""c_ec"": 78, ""c_peg"": 202}",9.68E-06,0.140544217,0.98,0.239664593,1.015834812,CMS-20230221-013558
4,"{""c_acid"": 30, ""pka_acid"": 39, ""c_dye"": 156, ""pka_dye"": 68, ""c_ec"": 80, ""c_peg"": 28}",0.000727505,1.007359119,0.798765432,0.527245191,0.465567591,CMS-20230221-013558
4,"{""c_acid"": 0, ""pka_acid"": 29, ""c_dye"": 102, ""pka_dye"": 50, ""c_ec"": 196, ""c_peg"": 100}",0.003105899,2.214402561,0.588395062,0.663362508,0.919040061,CMS-20230221-013558
4,"{""c_acid"": 16, ""pka_acid"": 29, ""c_dye"": 182, ""pka_dye"": 68, ""c_ec"": 102, ""c_peg"": 28}",0.00220747,1.361718082,0.754567901,0.622439465,0.507734781,CMS-20230221-013558
4,"{""c_acid"": 28, ""pka_acid"": 7, ""c_dye"": 306, ""pka_dye"": 68, ""c_ec"": 10, ""c_peg"": 56}",0.000403929,0.774895138,0.782098765,0.302154126,0.586994825,CMS-20230221-013558
4,"{""c_acid"": 28, ""pka_acid"": 39, ""c_dye"": 130, ""pka_dye"": 68, ""c_ec"": 120, ""c_peg"": 122}",9.29E-06,0.133720065,0.992839506,0.095970133,0.938024398,CMS-20230221-013558
4,"{""c_acid"": 100, ""pka_acid"": 0, ""c_dye"": 80, ""pka_dye"": 83, ""c_ec"": 0, ""c_peg"": 218}",1.37E-05,0.222897433,0.98691358,0.213851514,1.131054062,CMS-20230221-013558
4,"{""c_acid"": 90, ""pka_acid"": 0, ""c_dye"": 38, ""pka_dye"": 65, ""c_ec"": 220, ""c_peg"": 32}",9.43E-05,2.344636316,0.534197531,0.044093717,3.669154594,CMS-20230221-013558
4,"{""c_acid"": 32, ""pka_acid"": 29, ""c_dye"": 180, ""pka_dye"": 68, ""c_ec"": 84, ""c_peg"": 28}",0.001455697,1.392201644,0.764197531,0.655492735,0.520415898,CMS-20230221-013558
4,"{""c_acid"": 0, ""pka_acid"": 0, ""c_dye"": 226, ""pka_dye"": 68, ""c_ec"": 158, ""c_peg"": 16}",0.001651554,1.646569341,0.680864198,0.647527135,0.38537669,CMS-20230221-013558
4,"{""c_acid"": 0, ""pka_acid"": 0, ""c_dye"": 200, ""pka_dye"": 68, ""c_ec"": 18, ""c_peg"": 28}",0.001162962,1.454250697,0.763333333,0.613268385,0.530728636,CMS-20230221-013558
4,"{""c_acid"": 0, ""pka_acid"": 39, ""c_dye"": 308, ""pka_dye"": 50, ""c_ec"": 68, ""c_peg"": 24}",0.017510057,3.162941839,0.44691358,0.909489737,0.708781145,CMS-20230221-013558
4,"{""c_acid"": 174, ""pka_acid"": 0, ""c_dye"": 192, ""pka_dye"": 68, ""c_ec"": 0, ""c_peg"": 34}",4.40E-05,1.529504175,0.514691358,0.1610945,1.543291844,CMS-20230221-013558
4,"{""c_acid"": 64, ""pka_acid"": 39, ""c_dye"": 60, ""pka_dye"": 68, ""c_ec"": 34, ""c_peg"": 240}",1.55E-05,0.101629396,0.97617284,0.160929934,0.952808861,CMS-20230221-013558
4,"{""c_acid"": 152, ""pka_acid"": 49, ""c_dye"": 248, ""pka_dye"": 68, ""c_ec"": 0, ""c_peg"": 0}",0.002546036,1.583154527,0.598888889,0.726675235,0.61618381,CMS-20230221-013558
4,"{""c_acid"": 224, ""pka_acid"": 7, ""c_dye"": 2, ""pka_dye"": 50, ""c_ec"": 76, ""c_peg"": 98}",4.39E-06,0.12065459,0.992839506,0.099905802,1.036739401,CMS-20230221-013558
4,"{""c_acid"": 186, ""pka_acid"": 49, ""c_dye"": 122, ""pka_dye"": 68, ""c_ec"": 52, ""c_peg"": 40}",1.67E-05,0.317948098,0.841358025,0.059697774,0.503193053,CMS-20230221-013558
4,"{""c_acid"": 56, ""pka_acid"": 29, ""c_dye"": 178, ""pka_dye"": 68, ""c_ec"": 44, ""c_peg"": 28}",0.001942024,1.400261568,0.686666667,0.692895296,0.440175844,CMS-20230221-013558
4,"{""c_acid"": 278, ""pka_acid"": 0, ""c_dye"": 76, ""pka_dye"": 38, ""c_ec"": 0, ""c_peg"": 44}",0.000108609,2.580942417,0.552098765,0.171891069,3.508136241,CMS-20230221-013558
4,"{""c_acid"": 138, ""pka_acid"": 7, ""c_dye"": 4, ""pka_dye"": 65, ""c_ec"": 180, ""c_peg"": 78}",8.35E-05,0.565578987,0.777160494,0.289067914,1.48987196,CMS-20230221-013558
4,"{""c_acid"": 84, ""pka_acid"": 49, ""c_dye"": 82, ""pka_dye"": 38, ""c_ec"": 2, ""c_peg"": 232}",0.001643151,1.698098423,0.648024691,0.343434201,1.926098252,CMS-20230221-013558
4,"{""c_acid"": 18, ""pka_acid"": 49, ""c_dye"": 180, ""pka_dye"": 68, ""c_ec"": 116, ""c_peg"": 28}",0.00404567,1.995909471,0.654320988,0.746748251,0.565800257,CMS-20230221-013558
4,"{""c_acid"": 68, ""pka_acid"": 39, ""c_dye"": 2, ""pka_dye"": 38, ""c_ec"": 42, ""c_peg"": 290}",1.15E-05,0.136019475,0.983950617,0.307343788,0.885652221,CMS-20230221-013558
4,"{""c_acid"": 134, ""pka_acid"": 0, ""c_dye"": 26, ""pka_dye"": 79, ""c_ec"": 188, ""c_peg"": 50}",2.06E-05,0.605252098,0.879506173,0.124742822,1.129962423,CMS-20230221-013558
4,"{""c_acid"": 32, ""pka_acid"": 49, ""c_dye"": 200, ""pka_dye"": 38, ""c_ec"": 35, ""c_peg"": 40}",0.006183335,6.469651118,0.253950617,0.64178021,4.378642937,CMS-20230221-013558
4,"{""c_acid"": 72, ""pka_acid"": 13, ""c_dye"": 180, ""pka_dye"": 68, ""c_ec"": 54, ""c_peg"": 28}",0.000339166,0.715731397,0.747530864,0.441947,0.533192428,CMS-20230221-013558
4,"{""c_acid"": 38, ""pka_acid"": 39, ""c_dye"": 26, ""pka_dye"": 68, ""c_ec"": 110, ""c_peg"": 226}",4.12E-05,0.173093317,0.961975309,0.416047834,0.594009417,CMS-20230221-013558
4,"{""c_acid"": 68, ""pka_acid"": 29, ""c_dye"": 180, ""pka_dye"": 68, ""c_ec"": 10, ""c_peg"": 28}",0.001981688,1.663065834,0.70345679,0.683344336,0.579805687,CMS-20230221-013558
4,"{""c_acid"": 166, ""pka_acid"": 29, ""c_dye"": 40, ""pka_dye"": 68, ""c_ec"": 166, ""c_peg"": 28}",8.11E-05,0.424503898,0.905308642,0.319112743,0.651522947,CMS-20230221-013558
4,"{""c_acid"": 240, ""pka_acid"": 49, ""c_dye"": 120, ""pka_dye"": 38, ""c_ec"": 0, ""c_peg"": 40}",0.002019241,6.528856311,0.108765432,0.567290361,3.095092466,CMS-20230221-013558
4,"{""c_acid"": 242, ""pka_acid"": 49, ""c_dye"": 50, ""pka_dye"": 68, ""c_ec"": 106, ""c_peg"": 0}",0.000198151,0.855303835,0.740864198,0.463003906,0.466683232,CMS-20230221-013558
4,"{""c_acid"": 0, ""pka_acid"": 49, ""c_dye"": 270, ""pka_dye"": 63, ""c_ec"": 60, ""c_peg"": 70}",0.092488682,20.49542045,0.230617284,0.852371226,7.231523444,CMS-20230219-124246
4,"{""c_acid"": 94, ""pka_acid"": 29, ""c_dye"": 296, ""pka_dye"": 50, ""c_ec"": 0, ""c_peg"": 12}",0.018525214,3.209500463,0.471481481,0.90193287,1.275801834,CMS-20230219-124246
4,"{""c_acid"": 102, ""pka_acid"": 0, ""c_dye"": 244, ""pka_dye"": 68, ""c_ec"": 54, ""c_peg"": 0}",0.001860604,11.24533202,0.035432099,0.47537947,5.097945491,CMS-20230219-124246
4,"{""c_acid"": 0, ""pka_acid"": 7, ""c_dye"": 196, ""pka_dye"": 50, ""c_ec"": 58, ""c_peg"": 0}",8.67E-05,0.927109265,0.59691358,0.335033446,1.165144785,CMS-20230219-124246
4,"{""c_acid"": 254, ""pka_acid"": 49, ""c_dye"": 2, ""pka_dye"": 60, ""c_ec"": 84, ""c_peg"": 60}",0.000667722,1.263850041,0.647777778,0.51492085,1.079682326,CMS-20230219-124246
4,"{""c_acid"": 60, ""pka_acid"": 7, ""c_dye"": 90, ""pka_dye"": 79, ""c_ec"": 0, ""c_peg"": 250}",0.000460904,1.221718399,0.758765432,0.477785285,1.641353562,CMS-20230219-124246
4,"{""c_acid"": 132, ""pka_acid"": 13, ""c_dye"": 22, ""pka_dye"": 65, ""c_ec"": 32, ""c_peg"": 214}",5.86E-05,0.256177796,0.905925926,0.34860809,0.968102114,CMS-20230219-124246
4,"{""c_acid"": 84, ""pka_acid"": 49, ""c_dye"": 2, ""pka_dye"": 38, ""c_ec"": 220, ""c_peg"": 94}",1.88E-05,0.474797139,0.888395062,0.076328002,1.044266658,CMS-20230219-124246
4,"{""c_acid"": 246, ""pka_acid"": 0, ""c_dye"": 58, ""pka_dye"": 68, ""c_ec"": 0, ""c_peg"": 96}",4.21E-05,0.607058184,0.874567901,0.233121292,1.040004378,CMS-20230219-124246
4,"{""c_acid"": 0, ""pka_acid"": 29, ""c_dye"": 136, ""pka_dye"": 50, ""c_ec"": 174, ""c_peg"": 90}",0.010437217,3.54980089,0.523209877,0.571997015,1.818775074,CMS-20230219-124246
4,"{""c_acid"": 276, ""pka_acid"": 0, ""c_dye"": 2, ""pka_dye"": 79, ""c_ec"": 52, ""c_peg"": 70}",9.20E-06,0.138909582,0.986666667,0.275461394,0.97665406,CMS-20230219-124246
4,"{""c_acid"": 0, ""pka_acid"": 49, ""c_dye"": 120, ""pka_dye"": 68, ""c_ec"": 108, ""c_peg"": 56}",0.00239995,1.574298567,0.675679012,0.648772983,0.522221786,CMS-20230219-124246
4,"{""c_acid"": 86, ""pka_acid"": 39, ""c_dye"": 136, ""pka_dye"": 50, ""c_ec"": 176, ""c_peg"": 0}",0.001586842,2.167176952,0.413950617,0.633125593,0.728572894,CMS-20230219-124246
4,"{""c_acid"": 20, ""pka_acid"": 13, ""c_dye"": 194, ""pka_dye"": 83, ""c_ec"": 174, ""c_peg"": 12}",8.82E-06,0.17703826,0.988518519,0.153113372,0.794264765,CMS-20230219-124246
4,"{""c_acid"": 0, ""pka_acid"": 39, ""c_dye"": 202, ""pka_dye"": 79, ""c_ec"": 198, ""c_peg"": 0}",0.000103551,0.186043062,0.941358025,0.505106972,0.978103271,CMS-20230219-124246
4,"{""c_acid"": 0, ""pka_acid"": 29, ""c_dye"": 210, ""pka_dye"": 47, ""c_ec"": 170, ""c_peg"": 10}",0.229548972,22.71151802,0.122962963,0.763713976,26.2108069,CMS-20230219-124246
4,"{""c_acid"": 0, ""pka_acid"": 13, ""c_dye"": 200, ""pka_dye"": 65, ""c_ec"": 35, ""c_peg"": 25}",0.060069626,8.875522001,0.20654321,0.855992456,8.096945713,CMS-20230219-124246
4,"{""c_acid"": 24, ""pka_acid"": 0, ""c_dye"": 146, ""pka_dye"": 68, ""c_ec"": 0, ""c_peg"": 230}",2.83E-05,0.400079183,0.914691358,0.242983201,1.104961926,CMS-20230219-124246
4,"{""c_acid"": 0, ""pka_acid"": 0, ""c_dye"": 244, ""pka_dye"": 79, ""c_ec"": 156, ""c_peg"": 0}",0.000508993,0.27854222,0.903580247,0.683694029,1.256174057,CMS-20230219-124246
4,"{""c_acid"": 0, ""pka_acid"": 29, ""c_dye"": 184, ""pka_dye"": 68, ""c_ec"": 14, ""c_peg"": 84}",0.003902118,1.715683849,0.669012346,0.745797726,0.368961661,CMS-20230219-124246
4,"{""c_acid"": 0, ""pka_acid"": 29, ""c_dye"": 224, ""pka_dye"": 47, ""c_ec"": 18, ""c_peg"": 160}",0.003340919,2.166992179,0.533950617,0.622714779,1.870639356,CMS-20230219-124246
4,"{""c_acid"": 146, ""pka_acid"": 13, ""c_dye"": 200, ""pka_dye"": 50, ""c_ec"": 54, ""c_peg"": 0}",0.000110052,0.695206355,0.688641975,0.402363471,0.954017715,CMS-20230219-124246
4,"{""c_acid"": 68, ""pka_acid"": 39, ""c_dye"": 50, ""pka_dye"": 79, ""c_ec"": 6, ""c_peg"": 88}",1.60E-05,0.353930861,0.968518519,0.198125865,0.728581455,CMS-20230219-124246
4,"{""c_acid"": 0, ""pka_acid"": 13, ""c_dye"": 60, ""pka_dye"": 68, ""c_ec"": 126, ""c_peg"": 2}",5.01E-05,0.210517007,0.951481481,0.241008629,0.774488139,CMS-20230219-124246
4,"{""c_acid"": 90, ""pka_acid"": 13, ""c_dye"": 156, ""pka_dye"": 68, ""c_ec"": 18, ""c_peg"": 38}",2.07E-05,0.361974522,0.901481481,0.200324574,0.529195374,CMS-20230219-124246
4,"{""c_acid"": 84, ""pka_acid"": 39, ""c_dye"": 158, ""pka_dye"": 38, ""c_ec"": 0, ""c_peg"": 158}",0.000428863,2.655379022,0.380617284,0.385926391,2.369617968,CMS-20230219-124246
4,"{""c_acid"": 0, ""pka_acid"": 0, ""c_dye"": 96, ""pka_dye"": 68, ""c_ec"": 186, ""c_peg"": 116}",0.000891381,0.638590639,0.837160494,0.352583607,0.925108698,CMS-20230219-124246
4,"{""c_acid"": 0, ""pka_acid"": 7, ""c_dye"": 158, ""pka_dye"": 68, ""c_ec"": 138, ""c_peg"": 58}",0.002400377,1.811312024,0.595432099,0.703139644,0.408698226,CMS-20230219-124246
4,"{""c_acid"": 168, ""pka_acid"": 13, ""c_dye"": 152, ""pka_dye"": 63, ""c_ec"": 78, ""c_peg"": 0}",8.73E-06,0.246327258,0.934567901,-0.503507453,1.094027613,CMS-20230219-124246
4,"{""c_acid"": 42, ""pka_acid"": 29, ""c_dye"": 304, ""pka_dye"": 50, ""c_ec"": 30, ""c_peg"": 24}",0.015356507,3.284512592,0.496419753,0.865306078,0.887443833,CMS-20230219-124246
4,"{""c_acid"": 96, ""pka_acid"": 49, ""c_dye"": 172, ""pka_dye"": 68, ""c_ec"": 0, ""c_peg"": 132}",0.000385985,0.661555317,0.728148148,0.499641291,0.622674097,CMS-20230219-124246
4,"{""c_acid"": 0, ""pka_acid"": 0, ""c_dye"": 266, ""pka_dye"": 68, ""c_ec"": 26, ""c_peg"": 82}",0.005131355,2.060663392,0.621358025,0.775363125,0.445391103,CMS-20230219-124246
4,"{""c_acid"": 34, ""pka_acid"": 7, ""c_dye"": 292, ""pka_dye"": 47, ""c_ec"": 60, ""c_peg"": 12}",0.427382949,33.93860679,0.111604938,0.805673644,46.59393647,CMS-20230220-154714
4,"{""c_acid"": 92, ""pka_acid"": 29, ""c_dye"": 162, ""pka_dye"": 83, ""c_ec"": 70, ""c_peg"": 4}",0.001933721,0.77238988,0.736049383,0.685374891,2.06035604,CMS-20230220-154714
4,"{""c_acid"": 0, ""pka_acid"": 29, ""c_dye"": 182, ""pka_dye"": 38, ""c_ec"": 82, ""c_peg"": 0}",0.248953513,15.18126956,0.034814815,0.845484363,37.48837283,CMS-20230220-154714
4,"{""c_acid"": 0, ""pka_acid"": 0, ""c_dye"": 102, ""pka_dye"": 60, ""c_ec"": 168, ""c_peg"": 130}",0.002317053,3.754940122,0.173333333,0.58648378,4.232728015,CMS-20230220-154714
4,"{""c_acid"": 78, ""pka_acid"": 49, ""c_dye"": 144, ""pka_dye"": 60, ""c_ec"": 180, ""c_peg"": 0}",0.056564214,13.57844906,0.240864198,0.872683539,3.570786936,CMS-20230220-154714
4,"{""c_acid"": 148, ""pka_acid"": 39, ""c_dye"": 220, ""pka_dye"": 38, ""c_ec"": 20, ""c_peg"": 12}",0.007406826,11.60613096,0.081604938,0.660123471,4.012546505,CMS-20230220-154714
4,"{""c_acid"": 154, ""pka_acid"": 13, ""c_dye"": 166, ""pka_dye"": 47, ""c_ec"": 78, ""c_peg"": 0}",0.083043896,13.53617471,0.174444444,0.947046769,4.311669105,CMS-20230220-154714
4,"{""c_acid"": 172, ""pka_acid"": 39, ""c_dye"": 198, ""pka_dye"": 63, ""c_ec"": 30, ""c_peg"": 0}",0.02882719,9.088891854,0.33,0.860356891,0.6831415,CMS-20230220-154714
4,"{""c_acid"": 138, ""pka_acid"": 29, ""c_dye"": 98, ""pka_dye"": 38, ""c_ec"": 0, ""c_peg"": 164}",0.000828603,6.44969555,0.175308642,0.388698202,5.763327566,CMS-20230220-154714
4,"{""c_acid"": 186, ""pka_acid"": 49, ""c_dye"": 186, ""pka_dye"": 38, ""c_ec"": 0, ""c_peg"": 28}",0.009978441,15.47234599,0.07654321,0.599118044,6.423384063,CMS-20230220-154714
4,"{""c_acid"": 28, ""pka_acid"": 7, ""c_dye"": 302, ""pka_dye"": 47, ""c_ec"": 50, ""c_peg"": 0}",0.468583915,18.74416502,0.061111111,0.956116797,19.67649192,CMS-20230220-154714
4,"{""c_acid"": 118, ""pka_acid"": 7, ""c_dye"": 278, ""pka_dye"": 47, ""c_ec"": 4, ""c_peg"": 0}",0.388386799,17.87016138,0.048024691,0.940110487,22.41571117,CMS-20230220-154714
4,"{""c_acid"": 40, ""pka_acid"": 49, ""c_dye"": 96, ""pka_dye"": 38, ""c_ec"": 120, ""c_peg"": 146}",0.001729176,1.605791715,0.499876543,0.559595258,1.789980314,CMS-20230220-154714
4,"{""c_acid"": 0, ""pka_acid"": 49, ""c_dye"": 254, ""pka_dye"": 38, ""c_ec"": 104, ""c_peg"": 42}",0.02668308,7.736816716,0.202592593,0.721683777,8.235203697,CMS-20230220-154714
4,"{""c_acid"": 106, ""pka_acid"": 7, ""c_dye"": 294, ""pka_dye"": 47, ""c_ec"": 0, ""c_peg"": 0}",0.470858124,18.2863553,0.044320988,0.942241508,19.95577041,CMS-20230220-154714
4,"{""c_acid"": 164, ""pka_acid"": 0, ""c_dye"": 108, ""pka_dye"": 38, ""c_ec"": 128, ""c_peg"": 0}",0.000141815,4.295983763,0.16962963,0.195608732,3.528795778,CMS-20230220-154714
4,"{""c_acid"": 124, ""pka_acid"": 29, ""c_dye"": 2, ""pka_dye"": 38, ""c_ec"": 150, ""c_peg"": 124}",0.001381482,1.147531703,0.631481481,0.674837499,0.987121102,CMS-20230220-154714
4,"{""c_acid"": 172, ""pka_acid"": 49, ""c_dye"": 2, ""pka_dye"": 50, ""c_ec"": 0, ""c_peg"": 226}",0.000509272,0.577304303,0.738641975,0.535750073,1.0530401,CMS-20230220-154714
4,"{""c_acid"": 108, ""pka_acid"": 13, ""c_dye"": 228, ""pka_dye"": 38, ""c_ec"": 0, ""c_peg"": 64}",0.066773678,27.35585641,0.201604938,0.860758523,0.968261196,CMS-20230220-154714
4,"{""c_acid"": 106, ""pka_acid"": 13, ""c_dye"": 224, ""pka_dye"": 60, ""c_ec"": 70, ""c_peg"": 0}",0.06621535,9.43623678,0.078271605,0.853752832,10.36385951,CMS-20230220-154714
4,"{""c_acid"": 232, ""pka_acid"": 7, ""c_dye"": 162, ""pka_dye"": 47, ""c_ec"": 4, ""c_peg"": 0}",0.370166324,16.65550177,0.049259259,0.916318546,31.56576862,CMS-20230220-154714
4,"{""c_acid"": 86, ""pka_acid"": 29, ""c_dye"": 192, ""pka_dye"": 38, ""c_ec"": 122, ""c_peg"": 0}",0.188679858,15.45829724,0.047407407,0.814362544,22.92670872,CMS-20230220-154714
4,"{""c_acid"": 216, ""pka_acid"": 29, ""c_dye"": 90, ""pka_dye"": 79, ""c_ec"": 16, ""c_peg"": 78}",0.000769417,1.329228159,0.694074074,0.515499664,2.287438764,CMS-20230220-154714
4,"{""c_acid"": 56, ""pka_acid"": 0, ""c_dye"": 112, ""pka_dye"": 83, ""c_ec"": 0, ""c_peg"": 230}",0.00061254,0.929294566,0.633333333,0.575538724,1.124903198,CMS-20230220-154714
4,"{""c_acid"": 0, ""pka_acid"": 0, ""c_dye"": 54, ""pka_dye"": 47, ""c_ec"": 272, ""c_peg"": 74}",0.009668251,21.44308889,0.050493827,0.469281856,13.5434695,CMS-20230220-154714
4,"{""c_acid"": 94, ""pka_acid"": 13, ""c_dye"": 196, ""pka_dye"": 65, ""c_ec"": 0, ""c_peg"": 110}",0.005090765,2.644445589,0.468271605,0.744668856,0.784054755,CMS-20230220-154714
4,"{""c_acid"": 94, ""pka_acid"": 29, ""c_dye"": 164, ""pka_dye"": 38, ""c_ec"": 6, ""c_peg"": 0}",0.184978367,10.24733527,0.081111111,0.839735014,28.74423321,CMS-20230220-154714
4,"{""c_acid"": 28, ""pka_acid"": 49, ""c_dye"": 202, ""pka_dye"": 38, ""c_ec"": 166, ""c_peg"": 4}",0.100452735,7.826222862,0.118641975,0.844871467,16.04617901,CMS-20230220-154714
4,"{""c_acid"": 114, ""pka_acid"": 0, ""c_dye"": 34, ""pka_dye"": 47, ""c_ec"": 64, ""c_peg"": 186}",0.001127904,0.950235245,0.610987654,0.664459167,1.203030052,CMS-20230220-154714
4,"{""c_acid"": 148, ""pka_acid"": 13, ""c_dye"": 216, ""pka_dye"": 65, ""c_ec"": 4, ""c_peg"": 32}",0.050940231,20.0153324,0.161358025,0.867849925,1.406005019,CMS-20230220-154714
4,"{""c_acid"": 262, ""pka_acid"": 7, ""c_dye"": 102, ""pka_dye"": 38, ""c_ec"": 0, ""c_peg"": 36}",0.065553479,13.89546505,0.330987654,0.910029083,1.174503347,CMS-20230220-154714
4,"{""c_acid"": 0, ""pka_acid"": 0, ""c_dye"": 232, ""pka_dye"": 47, ""c_ec"": 0, ""c_peg"": 168}",0.001492467,4.253315954,0.301975309,0.381096445,12.40665793,CMS-20230220-154714
5,"{""c_acid"": 132, ""pka_acid"": 13, ""c_dye"": 268, ""pka_dye"": 47, ""c_ec"": 0, ""c_peg"": 0}",0.505261907,15.62975162,0.253692057,0.91583551,22.40986501,CMS-20230220-154714
5,"{""c_acid"": 68, ""pka_acid"": 7, ""c_dye"": 134, ""pka_dye"": 60, ""c_ec"": 196, ""c_peg"": 0}",0.143736729,8.967750567,0.056152697,0.851662259,22.88609358,CMS-20230220-154714
5,"{""c_acid"": 110, ""pka_acid"": 39, ""c_dye"": 140, ""pka_dye"": 47, ""c_ec"": 32, ""c_peg"": 116}",0.007456467,16.04961078,0.165664214,0.535873225,5.572225516,CMS-20230220-154714
5,"{""c_acid"": 122, ""pka_acid"": 29, ""c_dye"": 158, ""pka_dye"": 47, ""c_ec"": 94, ""c_peg"": 24}",0.094067292,28.89134585,0.125809594,0.605156175,32.48209918,CMS-20230220-154714
5,"{""c_acid"": 92, ""pka_acid"": 29, ""c_dye"": 162, ""pka_dye"": 83, ""c_ec"": 70, ""c_peg"": 4}",0.000647158,0.630730624,0.861797043,0.622821061,0.912274949,CMS-20230220-154714
5,"{""c_acid"": 84, ""pka_acid"": 13, ""c_dye"": 258, ""pka_dye"": 38, ""c_ec"": 26, ""c_peg"": 32}",0.053087418,34.82138011,0.03851016,0.751844388,6.723040325,CMS-20230220-154714
5,"{""c_acid"": 214, ""pka_acid"": 0, ""c_dye"": 14, ""pka_dye"": 47, ""c_ec"": 134, ""c_peg"": 38}",0.000711381,0.687036403,0.80590318,0.629309296,1.530034818,CMS-20230220-154714
5,"{""c_acid"": 0, ""pka_acid"": 39, ""c_dye"": 170, ""pka_dye"": 63, ""c_ec"": 158, ""c_peg"": 74}",0.190804456,23.06879654,0.271175923,0.829885246,9.721189839,CMS-20230220-154714
5,"{""c_acid"": 0, ""pka_acid"": 49, ""c_dye"": 166, ""pka_dye"": 38, ""c_ec"": 204, ""c_peg"": 30}",0.003868735,7.52533723,0.121796221,0.450483089,10.54000003,CMS-20230220-154714
5,"{""c_acid"": 170, ""pka_acid"": 13, ""c_dye"": 196, ""pka_dye"": 47, ""c_ec"": 30, ""c_peg"": 4}",0.680668983,16.03578265,0.367338896,0.877653268,52.87157773,CMS-20230220-154714
5,"{""c_acid"": 38, ""pka_acid"": 29, ""c_dye"": 2, ""pka_dye"": 47, ""c_ec"": 124, ""c_peg"": 236}",0.001105919,0.609705612,0.758877927,0.690725394,1.131466547,CMS-20230220-154714
5,"{""c_acid"": 156, ""pka_acid"": 49, ""c_dye"": 144, ""pka_dye"": 38, ""c_ec"": 100, ""c_peg"": 0}",0.001661616,6.527991934,0.570602075,0.260933708,1.39833877,CMS-20230220-154714
5,"{""c_acid"": 50, ""pka_acid"": 7, ""c_dye"": 290, ""pka_dye"": 47, ""c_ec"": 60, ""c_peg"": 0}",0.502547609,19.50395371,0.053196722,0.940780894,22.6149774,CMS-20230220-154714
5,"{""c_acid"": 254, ""pka_acid"": 49, ""c_dye"": 2, ""pka_dye"": 38, ""c_ec"": 144, ""c_peg"": 0}",0.003914791,1.733070259,0.533630945,0.761185683,1.280836427,CMS-20230220-154714
5,"{""c_acid"": 128, ""pka_acid"": 49, ""c_dye"": 94, ""pka_dye"": 47, ""c_ec"": 54, ""c_peg"": 124}",0.00715325,24.96224674,0.058630877,0.511862082,6.769109699,CMS-20230220-154714
5,"{""c_acid"": 106, ""pka_acid"": 7, ""c_dye"": 294, ""pka_dye"": 47, ""c_ec"": 0, ""c_peg"": 0}",0.338763786,16.81025913,0.048507146,0.865747343,42.42446886,CMS-20230220-154714
5,"{""c_acid"": 16, ""pka_acid"": 29, ""c_dye"": 14, ""pka_dye"": 38, ""c_ec"": 28, ""c_peg"": 340}",0.003652578,1.095092555,0.6373774,0.786412907,2.010243602,CMS-20230220-154714
5,"{""c_acid"": 148, ""pka_acid"": 7, ""c_dye"": 252, ""pka_dye"": 47, ""c_ec"": 0, ""c_peg"": 0}",0.461747204,15.84066426,0.059490963,0.924822576,33.40480618,CMS-20230220-154714
5,"{""c_acid"": 20, ""pka_acid"": 13, ""c_dye"": 218, ""pka_dye"": 65, ""c_ec"": 146, ""c_peg"": 2}",0.244072284,8.792044141,0.334704649,0.810906818,25.08658098,CMS-20230220-154714
5,"{""c_acid"": 6, ""pka_acid"": 7, ""c_dye"": 294, ""pka_dye"": 47, ""c_ec"": 16, ""c_peg"": 0}",0.441018097,17.93015256,0.350483962,0.954298926,12.55421574,CMS-20230220-154714
5,"{""c_acid"": 112, ""pka_acid"": 29, ""c_dye"": 104, ""pka_dye"": 38, ""c_ec"": 122, ""c_peg"": 62}",0.017578432,25.82325517,0.036410162,0.562557523,10.41938755,CMS-20230220-154714
5,"{""c_acid"": 208, ""pka_acid"": 13, ""c_dye"": 104, ""pka_dye"": 38, ""c_ec"": 56, ""c_peg"": 34}",0.041055241,18.72014157,0.183328126,0.822199943,2.61914515,CMS-20230220-154714
5,"{""c_acid"": 52, ""pka_acid"": 7, ""c_dye"": 136, ""pka_dye"": 60, ""c_ec"": 68, ""c_peg"": 0}",0.118153799,8.093673895,0.121216892,0.915977482,12.3664931,CMS-20230220-154714
5,"{""c_acid"": 54, ""pka_acid"": 7, ""c_dye"": 302, ""pka_dye"": 47, ""c_ec"": 8, ""c_peg"": 0}",0.590686087,16.93969425,0.06677971,0.957091181,30.98164477,CMS-20230220-154714
5,"{""c_acid"": 110, ""pka_acid"": 7, ""c_dye"": 290, ""pka_dye"": 47, ""c_ec"": 0, ""c_peg"": 0}",0.515317759,16.41777649,0.065786712,0.935059851,30.58367355,CMS-20230220-154714
5,"{""c_acid"": 168, ""pka_acid"": 29, ""c_dye"": 2, ""pka_dye"": 47, ""c_ec"": 134, ""c_peg"": 96}",0.005389434,2.235466538,0.65205163,0.679062573,1.508623517,CMS-20230220-154714
5,"{""c_acid"": 196, ""pka_acid"": 13, ""c_dye"": 204, ""pka_dye"": 38, ""c_ec"": 0, ""c_peg"": 0}",0.139552299,7.122555665,0.087262164,0.848110182,29.43788326,CMS-20230220-154714
5,"{""c_acid"": 44, ""pka_acid"": 7, ""c_dye"": 298, ""pka_dye"": 47, ""c_ec"": 56, ""c_peg"": 0}",0.446471732,18.50202439,0.272333758,0.949789141,13.2991835,CMS-20230220-154714
5,"{""c_acid"": 142, ""pka_acid"": 7, ""c_dye"": 258, ""pka_dye"": 47, ""c_ec"": 0, ""c_peg"": 0}",0.408443494,14.7412462,0.056407832,0.914492376,40.75842398,CMS-20230220-154714
5,"{""c_acid"": 0, ""pka_acid"": 29, ""c_dye"": 182, ""pka_dye"": 38, ""c_ec"": 118, ""c_peg"": 0}",0.40435561,15.1111221,0.163562571,0.87155693,34.57624471,CMS-20230220-154714
5,"{""c_acid"": 122, ""pka_acid"": 0, ""c_dye"": 186, ""pka_dye"": 60, ""c_ec"": 92, ""c_peg"": 0}",1.14E-06,0.032302265,0.922840328,-0.770417619,0.689722104,CMS-20230220-154714
5,"{""c_acid"": 48, ""pka_acid"": 0, ""c_dye"": 106, ""pka_dye"": 47, ""c_ec"": 202, ""c_peg"": 44}",0.003960031,1.511253285,0.68851153,0.650178883,1.499668493,CMS-20230220-154714
6,"{""c_acid"": 108, ""pka_acid"": 49, ""c_dye"": 70, ""pka_dye"": 63, ""c_ec"": 122, ""c_peg"": 100}",0.016833649,6.771868134,0.313209877,0.788985456,1.38242323,CMS-20230220-154714
6,"{""c_acid"": 132, ""pka_acid"": 7, ""c_dye"": 268, ""pka_dye"": 47, ""c_ec"": 0, ""c_peg"": 0}",0.408934425,10.55154315,0.157654321,0.927918202,42.75367698,CMS-20230220-154714
6,"{""c_acid"": 102, ""pka_acid"": 29, ""c_dye"": 56, ""pka_dye"": 38, ""c_ec"": 116, ""c_peg"": 94}",0.001952656,13.54458462,0.043333333,0.331700374,10.77321926,CMS-20230220-154714
6,"{""c_acid"": 148, ""pka_acid"": 13, ""c_dye"": 222, ""pka_dye"": 47, ""c_ec"": 0, ""c_peg"": 30}",0.279663047,37.55444145,0.061481481,0.923824456,8.648341223,CMS-20230220-154714
6,"{""c_acid"": 118, ""pka_acid"": 7, ""c_dye"": 282, ""pka_dye"": 47, ""c_ec"": 0, ""c_peg"": 0}",0.555328564,12.4820017,0.149259259,0.965522171,37.34173614,CMS-20230220-154714
6,"{""c_acid"": 32, ""pka_acid"": 0, ""c_dye"": 294, ""pka_dye"": 47, ""c_ec"": 64, ""c_peg"": 12}",0.548895985,37.4281469,0.054814815,0.951821355,14.55514569,CMS-20230220-154714
6,"{""c_acid"": 6, ""pka_acid"": 0, ""c_dye"": 152, ""pka_dye"": 47, ""c_ec"": 90, ""c_peg"": 152}",0.139068176,26.24752136,0.317901235,0.943818109,1.229068229,CMS-20230220-154714
6,"{""c_acid"": 130, ""pka_acid"": 29, ""c_dye"": 144, ""pka_dye"": 38, ""c_ec"": 26, ""c_peg"": 0}",0.321443718,9.639255849,0.144197531,0.906657957,30.90009656,CMS-20230220-154714
6,"{""c_acid"": 82, ""pka_acid"": 39, ""c_dye"": 20, ""pka_dye"": 79, ""c_ec"": 144, ""c_peg"": 154}",0.001267041,0.702711273,0.75691358,0.667496262,1.463811688,CMS-20230220-154714
6,"{""c_acid"": 86, ""pka_acid"": 13, ""c_dye"": 136, ""pka_dye"": 38, ""c_ec"": 0, ""c_peg"": 176}",0.00313925,9.339218648,0.190493827,0.519325777,5.890239778,CMS-20230220-154714
6,"{""c_acid"": 74, ""pka_acid"": 13, ""c_dye"": 166, ""pka_dye"": 65, ""c_ec"": 96, ""c_peg"": 0}",0.014639315,3.170354806,0.321358025,0.803691197,5.197145862,CMS-20230220-154714
6,"{""c_acid"": 16, ""pka_acid"": 29, ""c_dye"": 180, ""pka_dye"": 38, ""c_ec"": 40, ""c_peg"": 0}",0.386712312,11.82593789,0.145925926,0.904875431,37.74876986,CMS-20230220-154714
6,"{""c_acid"": 112, ""pka_acid"": 13, ""c_dye"": 84, ""pka_dye"": 47, ""c_ec"": 158, ""c_peg"": 46}",0.036033075,8.086226346,0.322592593,0.889436603,1.66826262,CMS-20230220-154714
6,"{""c_acid"": 0, ""pka_acid"": 13, ""c_dye"": 194, ""pka_dye"": 38, ""c_ec"": 206, ""c_peg"": 0}",0.372370231,15.03927984,0.070740741,0.890600039,36.2745469,CMS-20230220-154714
6,"{""c_acid"": 0, ""pka_acid"": 13, ""c_dye"": 242, ""pka_dye"": 60, ""c_ec"": 156, ""c_peg"": 0}",0.017599349,3.909010964,0.217530864,0.859352873,3.994552717,CMS-20230220-154714
6,"{""c_acid"": 14, ""pka_acid"": 29, ""c_dye"": 324, ""pka_dye"": 47, ""c_ec"": 52, ""c_peg"": 10}",0.383194821,9.347781757,0.398888889,0.875309358,60.60659222,CMS-20230220-154714
6,"{""c_acid"": 62, ""pka_acid"": 7, ""c_dye"": 290, ""pka_dye"": 47, ""c_ec"": 26, ""c_peg"": 0}",0.498241971,12.53495735,0.156049383,0.951995309,31.53582266,CMS-20230220-154714
6,"{""c_acid"": 2, ""pka_acid"": 7, ""c_dye"": 282, ""pka_dye"": 47, ""c_ec"": 2, ""c_peg"": 0}",0.561525548,12.78281931,0.158518519,0.957872435,35.3441822,CMS-20230220-154714
6,"{""c_acid"": 92, ""pka_acid"": 13, ""c_dye"": 196, ""pka_dye"": 38, ""c_ec"": 112, ""c_peg"": 0}",0.409695997,13.64780975,0.101234568,0.90984333,31.33404484,CMS-20230220-154714
6,"{""c_acid"": 150, ""pka_acid"": 39, ""c_dye"": 96, ""pka_dye"": 38, ""c_ec"": 90, ""c_peg"": 64}",0.0067254,15.56845105,0.030864198,0.451717959,14.0652325,CMS-20230220-154714
6,"{""c_acid"": 138, ""pka_acid"": 7, ""c_dye"": 254, ""pka_dye"": 47, ""c_ec"": 8, ""c_peg"": 0}",0.565358525,13.25124793,0.141234568,0.959901844,35.78858331,CMS-20230220-154714
6,"{""c_acid"": 96, ""pka_acid"": 7, ""c_dye"": 280, ""pka_dye"": 47, ""c_ec"": 24, ""c_peg"": 0}",0.139843849,13.99631177,0.178888889,0.94052608,8.370529921,CMS-20230220-154714
6,"{""c_acid"": 20, ""pka_acid"": 7, ""c_dye"": 292, ""pka_dye"": 47, ""c_ec"": 16, ""c_peg"": 0}",0.636129565,13.90881072,0.164197531,0.967546593,29.79170897,CMS-20230220-154714
6,"{""c_acid"": 0, ""pka_acid"": 29, ""c_dye"": 122, ""pka_dye"": 47, ""c_ec"": 40, ""c_peg"": 238}",0.003352667,11.31760044,0.208888889,0.3114212,27.93291017,CMS-20230220-154714
6,"{""c_acid"": 92, ""pka_acid"": 29, ""c_dye"": 162, ""pka_dye"": 83, ""c_ec"": 70, ""c_peg"": 4}",0.000165798,0.40420115,0.870246914,0.468575813,0.891979979,CMS-20230220-154714
6,"{""c_acid"": 60, ""pka_acid"": 49, ""c_dye"": 138, ""pka_dye"": 38, ""c_ec"": 0, ""c_peg"": 204}",0.00088575,2.799762737,0.531851852,0.350710128,9.68127378,CMS-20230220-154714
6,"{""c_acid"": 118, ""pka_acid"": 13, ""c_dye"": 150, ""pka_dye"": 47, ""c_ec"": 94, ""c_peg"": 38}",0.092764695,22.014566,0.187901235,0.9429518,1.484558616,CMS-20230220-154714
6,"{""c_acid"": 18, ""pka_acid"": 7, ""c_dye"": 148, ""pka_dye"": 50, ""c_ec"": 232, ""c_peg"": 0}",4.19E-05,0.733890655,0.411358025,0.265121643,2.176608472,CMS-20230220-154714
6,"{""c_acid"": 126, ""pka_acid"": 7, ""c_dye"": 274, ""pka_dye"": 47, ""c_ec"": 0, ""c_peg"": 0}",0.525413168,12.35210504,0.151604938,0.952428393,34.00785932,CMS-20230220-154714
6,"{""c_acid"": 170, ""pka_acid"": 13, ""c_dye"": 196, ""pka_dye"": 47, ""c_ec"": 30, ""c_peg"": 4}",0.669960626,11.54339015,0.386419753,0.939061055,74.51611788,CMS-20230220-154714
6,"{""c_acid"": 30, ""pka_acid"": 49, ""c_dye"": 66, ""pka_dye"": 47, ""c_ec"": 224, ""c_peg"": 80}",0.013559529,21.0284134,0.108271605,0.551194092,8.376538741,CMS-20230220-154714
6,"{""c_acid"": 30, ""pka_acid"": 0, ""c_dye"": 168, ""pka_dye"": 60, ""c_ec"": 0, ""c_peg"": 202}",3.71E-05,0.181963113,0.971234568,-1.018315764,0.805055525,CMS-20230220-154714
